Theta,A-X (meter),A-Y (meter),B-X (meter),B-Y (meter),C-X (meter),C-Y (meter),D-X (meter),D-Y (meter),D0-X (meter),D0-Y (meter),A-X Vel (meter/sec),A-Y Vel (meter/sec),B-X Vel (meter/sec),B-Y Vel (meter/sec),C-X Vel (meter/sec),C-Y Vel (meter/sec),D-X Vel (meter/sec),D-Y Vel (meter/sec),D0-X Vel (meter/sec),D0-Y Vel (meter/sec),A-X Acc (meter/sec**2),A-Y Acc (meter/sec**2),B-X Acc (meter/sec**2),B-Y Acc (meter/sec**2),C-X Acc (meter/sec**2),C-Y Acc (meter/sec**2),D-X Acc (meter/sec**2),D-Y Acc (meter/sec**2),D0-X Acc (meter/sec**2),D0-Y Acc (meter/sec**2)
1.68600027,-0.030348999,-0.003511875,-0.048325203,0.086427416,0.288664537,0.181015531,0.295563736,0.166249883,-0.044728217,0.068439558,0.011032459,-0.095402655,0.02594131,-0.092421143,-0.154845166,0.551667109,-0.161470404,0.548583001,0.02295954,-0.093017446,0.299704869,0.034660813,0.187834872,0.009718349,-1.12119713,-0.058009384,-1.084592353,-0.037352428,0.210208871,0.014706842
1.738391672,-0.030123592,-0.00509638,-0.047866806,0.084889192,0.285928339,0.190197282,0.292722172,0.175383041,-0.044316418,0.066892077,0.01600549,-0.094694891,0.028439223,-0.092203676,-0.171807507,0.54970998,-0.17585399,0.547449418,0.025754231,-0.092733399,0.29748244,0.050284441,0.187149888,0.01988301,-1.117817035,-0.126814893,-1.082033901,-0.096088119,0.209416489,0.024692194
1.790782744,-0.029815571,-0.006666916,-0.047356646,0.0833583,0.282883162,0.199335262,0.289581633,0.184477823,-0.043846685,0.065353257,0.020943939,-0.093726779,0.032150424,-0.091550189,-0.191908291,0.546458263,-0.197333614,0.544037059,0.029909459,-0.091987083,0.293045372,0.065642969,-0.003145929,0.014056582,-0.595113938,-0.285734493,0.031314556,-0.117367229,-0.003366512,0.014303119
1.843173385,-0.02942578,-0.008219178,-0.046795507,0.081839274,0.279533694,0.208402417,0.286146679,0.193506879,-0.043319816,0.063827583,0.025820335,-0.092502167,0.035179996,-0.090710989,-0.209989113,0.541441027,-0.214829057,0.539328839,0.03330881,-0.091072097,0.290593976,0.081120184,0.179891946,0.05720311,-1.073281291,-0.343261113,-1.038828644,-0.323282001,0.202121035,0.0616946
1.895563496,-0.028955287,-0.009748913,-0.046184582,0.080336527,0.275887046,0.217372399,0.282424323,0.20244361,-0.042736978,0.062319439,0.03062596,-0.091024011,0.038127374,-0.089611044,-0.227575872,0.534867491,-0.231838383,0.533049886,0.036628419,-0.089897893,0.285949543,0.096217993,0.173685238,0.0747501,-1.03609771,-0.445206136,-1.001593211,-0.430041117,0.196133525,0.079175233
1.94795298,-0.028405382,-0.011251926,-0.045525467,0.078854344,0.271952751,0.226219634,0.278424039,0.211262235,-0.042099705,0.06083309,0.035347638,-0.089296366,0.040964787,-0.088250786,-0.24450712,0.526749891,-0.248192651,0.525201847,0.039842899,-0.088464068,0.280522431,0.111052192,0.166641036,0.089073575,-0.994048011,-0.531434223,-0.959760062,-0.515784986,0.189442717,0.093480777
2.000341744,-0.027777571,-0.012724098,-0.044820165,0.077396869,0.267742761,0.234919386,0.274157751,0.219937852,-0.041409901,0.059372676,0.039972411,-0.08732397,0.04365681,-0.086622957,-0.260589166,0.5170629,-0.263676516,0.515738615,0.042919765,-0.08676242,0.274329896,0.125582726,0.160705475,0.096921703,-0.956034406,-0.586557169,-0.925344367,-0.559985016,0.183890362,0.10133995
2.052729697,-0.027073577,-0.014161395,-0.044071083,0.075968092,0.263271451,0.243447838,0.26963984,0.228446515,-0.040669837,0.057942195,0.044487642,-0.085112221,0.046204777,-0.084788049,-0.275796531,0.506106109,-0.278303462,0.505045137,0.045861426,-0.08485284,0.267377679,0.139767355,0.147534722,0.11727118,-0.880709704,-0.699799411,-0.845597753,-0.684759505,0.171493315,0.121798965
2.105116753,-0.026295328,-0.015559876,-0.043281036,0.074571836,0.258555615,0.251782169,0.264887133,0.23676531,-0.039882149,0.056545494,0.048880933,-0.082667185,0.048570222,-0.082725603,-0.289916093,0.493795427,-0.291837435,0.492987379,0.048632438,-0.082713871,0.259696732,0.153569828,0.13601338,0.130249355,-0.811881964,-0.777445419,-0.776619231,-0.762376487,0.160749775,0.134914008
2.157502827,-0.025444957,-0.016915709,-0.042453241,0.073211744,0.253614459,0.25990064,0.259918901,0.24487244,-0.039049839,0.055186253,0.053140245,-0.079995565,0.050730514,-0.080450385,-0.302811086,0.480214683,-0.30414227,0.47965704,0.051212531,-0.080359368,0.251303909,0.16695136,0.122980569,0.142657116,-0.734089482,-0.85150978,-0.698507581,-0.836533311,0.14864493,0.147516536
2.209887841,-0.024524795,-0.018225177,-0.041591318,0.071891259,0.248469589,0.267782686,0.254756838,0.252747314,-0.038176268,0.053867972,0.057253903,-0.077104683,0.052661612,-0.077974672,-0.314338026,0.465437155,-0.315073082,0.465129325,0.053580139,-0.077800616,0.242222279,0.179875291,0.10851278,0.154298883,-0.647731699,-0.921002392,-0.611752725,-0.906004679,0.135254341,0.159414751
2.26227172,-0.023537365,-0.019484691,-0.040699284,0.070613616,0.24314499,0.275409013,0.249425037,0.260370644,-0.037265155,0.052593955,0.061210632,-0.074002462,0.054339778,-0.075311735,-0.324355207,0.449542062,-0.324486985,0.449485312,0.055714015,-0.075049818,0.232476735,0.192306195,0.092632743,0.165113428,-0.552944295,-0.985557881,-0.516504991,-0.970429229,0.12060117,0.170552585
2.314654395,-0.022485373,-0.020690799,-0.039781551,0.069381816,0.237666987,0.282761698,0.24394995,0.267724542,-0.03632057,0.051367293,0.064999587,-0.070697405,0.055741752,-0.072475892,-0.332723794,0.43261485,-0.332244232,0.432812236,0.057593382,-0.072120127,0.222093989,0.204210001,0.075376122,0.175036865,-0.449940168,-1.044795018,-0.412994459,-1.029429573,0.104719292,0.180872115
2.367035801,-0.021371702,-0.021840194,-0.038842909,0.068198614,0.232064183,0.289824297,0.23836032,0.27479263,-0.035346923,0.050190853,0.068610383,-0.067198571,0.056845009,-0.069482541,-0.339309333,0.41474743,-0.338209765,0.415203731,0.059198143,-0.069025674,0.211102498,0.215554082,0.056796063,0.184003197,-0.339036518,-1.098320003,-0.301558123,-1.082615861,0.087656913,0.190314016
2.419415879,-0.020199405,-0.022929728,-0.037888519,0.0670665,0.226367372,0.296581951,0.232687088,0.281560142,-0.034348951,0.049067254,0.072033123,-0.063515551,0.05762809,-0.066348191,-0.343983746,0.396038345,-0.342255251,0.396759998,0.060509152,-0.065781585,0.19953239,0.226307344,0.036968539,0.191945196,-0.220686804,-1.145731628,-0.182671794,-1.129591205,0.069480838,0.198818287
2.471794574,-0.018971695,-0.023956412,-0.036923885,0.065987678,0.220609413,0.303021502,0.226963261,0.28801404,-0.033331701,0.04799886,0.075258424,-0.05965844,0.058071039,-0.063090477,-0.346627901,0.376592835,-0.344261695,0.377587852,0.061508567,-0.062403985,0.187415377,0.236440314,0.015998394,0.198795714,-0.095516808,-1.186629131,-0.056985902,-1.169959781,0.050281284,0.206325312
2.524171838,-0.017691937,-0.024917434,-0.035954827,0.064964049,0.214825053,0.3091316,0.221223727,0.294143118,-0.032300504,0.046987753,0.078277448,-0.055637808,0.058155928,-0.059728135,-0.347134797,0.356522741,-0.344122661,0.357800619,0.062180279,-0.058909979,0.174784672,0.245925217,-0.005974171,0.204489559,0.035636694,-1.220623357,0.074636359,-1.203338199,0.030177056,0.212777381
2.576547627,-0.016363639,-0.025810158,-0.034987445,0.063997195,0.209050695,0.314902811,0.215505017,0.299938112,-0.031260939,0.046035724,0.081081918,-0.051464678,0.057867509,-0.056280956,-0.34541341,0.335946186,-0.341748137,0.337517807,0.062510433,-0.055317604,0.161674895,0.254736056,-0.028767169,0.208966041,0.171687526,-1.24735191,0.211081408,-1.229370782,0.009320666,0.218120737
2.628921905,-0.014990442,-0.026632139,-0.034028064,0.063088356,0.203324095,0.320327719,0.209844997,0.305391798,-0.030218794,0.045144257,0.083664149,-0.047150486,0.057193952,-0.052769682,-0.341393132,0.314986977,-0.337068983,0.316864485,0.062488029,-0.051645741,0.148121978,0.262848682,-0.052151166,0.212172258,0.311266298,-1.266498734,0.350952516,-1.247749186,-0.01209715,0.222308225
2.681294639,-0.013576108,-0.027381123,-0.033083172,0.062238424,0.197683982,0.325401013,0.204282474,0.310499074,-0.029180014,0.044314515,0.086017062,-0.042707058,0.056127677,-0.049215845,-0.335028707,0.293773632,-0.330041856,0.295970299,0.062105586,-0.047913981,0.134163069,0.270240858,-0.075845396,0.214067145,0.452697274,-1.27781828,0.492547958,-1.258236509,-0.033844349,0.225302539
2.733665805,-0.012124516,-0.028055058,-0.032159343,0.061447924,0.19216959,0.330119552,0.198856729,0.315257028,-0.028150632,0.043547328,0.088134208,-0.038146573,0.054666216,-0.04564153,-0.326305401,0.272437976,-0.320654347,0.274968055,0.061359841,-0.044142426,0.119836428,0.276892322,-0.099516907,0.214626181,0.593993202,-1.281163566,0.633857204,-1.260695178,-0.055646914,0.227080003
2.786035381,-0.010639644,-0.028652095,-0.031263141,0.060717012,0.186820111,0.334482408,0.193606956,0.319664976,-0.027136696,0.042843191,0.090009785,-0.033481531,0.052813063,-0.042069056,-0.315244061,0.25111325,-0.308929981,0.253991815,0.060252428,-0.040351435,0.105181324,0.282784843,-0.12278405,0.213846489,0.73287616,-1.276516645,0.772583041,-1.255117148,-0.077191671,0.227634663
2.838403352,-0.009125561,-0.029170599,-0.03040102,0.060045472,0.181674061,0.338490869,0.188571627,0.32372446,-0.026144183,0.042202258,0.091638651,-0.028724718,0.050578414,-0.038520578,-0.301905555,0.229931697,-0.294932585,0.233174487,0.058790477,-0.036561285,0.090237925,0.287902271,-0.145225567,0.211751906,0.866831738,-1.264018938,0.906196731,-1.241653941,-0.098133577,0.226982353
2.890769711,-0.007586418,-0.029609148,-0.029579203,0.059432724,0.176768586,0.342148397,0.183787793,0.327439209,-0.0251789,0.04162435,0.093016341,-0.023889173,0.047979715,-0.035017595,-0.286393998,0.209021688,-0.278769424,0.212644941,0.05698705,-0.032791788,0.07504719,0.292230579,-0.16639601,0.208397405,0.993201089,-1.243997696,1.032030506,-1.220642864,-0.118108079,0.225164244
2.943134453,-0.006026433,-0.029966541,-0.028803559,0.058877839,0.172138724,0.345460541,0.179290345,0.330815043,-0.024246389,0.041108963,0.094139081,-0.018988149,0.045041885,-0.031580415,-0.268858126,0.188504453,-0.260592492,0.192524749,0.054861327,-0.029061838,0.059650756,0.295757903,-0.185847461,0.203872113,1.109310508,-1.216984195,1.147406904,-1.192625073,-0.13674851,0.222249266
2.995497579,-0.004449882,-0.030241797,-0.028079483,0.058379562,0.167816672,0.348434783,0.175111276,0.333859723,-0.023351817,0.04065529,0.095003792,-0.01403508,0.041797142,-0.028227565,-0.249490256,0.168490621,-0.240597384,0.172924723,0.05243847,-0.025388945,0.044090823,0.298474575,-0.203156316,0.19830018,1.21263134,-1.183719091,1.249797721,-1.158351068,-0.153707548,0.218334812
3.047859097,-0.002861086,-0.030434163,-0.027411774,0.05793635,0.163831081,0.351080339,0.171278981,0.336582745,-0.022499891,0.040262248,0.095608104,-0.009043542,0.038284361,-0.024975225,-0.228522417,0.149076804,-0.219019383,0.153941497,0.049749102,-0.021788768,0.028410041,0.30037315,-0.217952657,0.191838876,1.300955291,-1.145141185,1.336997814,-1.118769835,-0.168680724,0.213545222
3.100219018,-0.001264401,-0.030543111,-0.026804538,0.057546413,0.160206454,0.353407896,0.167817652,0.338995072,-0.021694766,0.039928508,0.09595036,-0.004027216,0.034547933,-0.021836709,-0.206219587,0.130342515,-0.196126656,0.135654431,0.046828406,-0.018274696,0.012651389,0.301448422,-0.229948652,0.18467363,1.372563951,-1.10235785,1.407292882,-1.074999866,-0.181429179,0.208027814
-3.130607949,0.000335798,-0.030568342,-0.026261104,0.057207765,0.156962665,0.355429306,0.1647468,0.341108834,-0.020939979,0.039652544,0.096029624,0.001000148,0.0306362,-0.018822063,-0.18287032,0.112347732,-0.172210885,0.118123146,0.043714868,-0.014857514,-0.00314194,0.301697446,-0.238961943,0.177010186,1.426368485,-1.056598266,1.459597604,-1.028283156,-0.191798392,0.201946615
-3.07825117,0.001935124,-0.030509788,-0.025783976,0.056918282,0.154114661,0.357157245,0.162080959,0.342936974,-0.020238411,0.039432668,0.095845676,0.00602477,0.026601532,-0.015937897,-0.158785773,0.095134944,-0.147589009,0.101387385,0.040450365,-0.011545402,-0.018926997,0.301119187,-0.244436485,0.169046532,1.459411705,-1.008285746,1.490282469,-0.979626172,-0.19932846,0.195426351
-3.025895925,0.003529194,-0.030367608,-0.025374816,0.056675762,0.15167236,0.35860486,0.159829579,0.344492896,-0.019592269,0.039267088,0.095399023,0.011032879,0.022489956,-0.013186834,-0.134243823,0.078713124,-0.122535996,0.085459594,0.037071769,-0.008342901,-0.034659537,0.299716234,-0.247858081,0.16105624,1.479524681,-0.961248548,1.509121273,-0.931276974,-0.205217503,0.188783745
-2.973542187,0.005113639,-0.030142193,-0.025034459,0.056477984,0.149640747,0.35978541,0.157997127,0.345790096,-0.019003094,0.039153949,0.094690887,0.016010748,0.018352587,-0.01056849,-0.109547664,0.06308404,-0.097361821,0.070337887,0.033620246,-0.005252648,-0.050297287,0.297491578,-0.248174054,0.153184941,1.481320694,-0.914471559,1.50904979,-0.883590085,-0.208599538,0.182051419
-2.921189922,0.006684115,-0.029834161,-0.024762961,0.056322763,0.148020162,0.360711932,0.156583378,0.346841826,-0.0184718,0.039091379,0.093723211,0.020944733,0.014233782,-0.008079012,-0.084962277,0.048224246,-0.072334149,0.055997527,0.030131668,-0.002274269,-0.065797316,0.29445136,-0.245751966,0.145623581,1.466909223,-0.869228292,1.49231203,-0.837740371,-0.209760977,0.175389
-2.868839095,0.008236318,-0.029444354,-0.024559678,0.056208005,0.146806753,0.361396934,0.155583858,0.347660783,-0.017998733,0.039077533,0.092498645,0.02582131,0.010172953,-0.005711734,-0.060722956,0.034093854,-0.047691245,0.042396696,0.026638092,0.000594869,-0.081116949,0.29060413,-0.241210415,0.13854085,1.439798975,-0.826955737,1.462791935,-0.79492604,-0.209191695,0.16895354
-2.816489666,0.009765994,-0.028973843,-0.024423356,0.056131743,0.145993041,0.361852143,0.154990418,0.348258841,-0.017583741,0.039110626,0.091020548,0.030627112,0.006203462,-0.003457659,-0.037028836,0.020639162,-0.023635217,0.029479294,0.02316688,0.00335929,-0.096214246,0.285960372,-0.234860079,0.132057234,1.401893224,-0.788256403,1.422299849,-0.755842648,-0.207130894,0.162837919
-2.764141593,0.01126895,-0.028423917,-0.024352241,0.05609218,0.145568549,0.362088297,0.154791863,0.348646845,-0.017226257,0.039188961,0.089292969,0.035348967,0.002352107,-0.001305987,-0.014039877,0.007795712,-0.000328823,0.017178066,0.01974028,0.006024999,-0.111047828,0.280532817,-0.227100737,0.126264988,1.355577101,-0.753683702,1.373236524,-0.7210647,-0.203890145,0.157118627
-2.711794831,0.012741067,-0.027796083,-0.024344185,0.056087708,0.145520464,0.362114991,0.154974618,0.348834445,-0.016925389,0.03931095,0.087320645,0.039973934,-0.001360981,0.000755349,0.008123779,-0.00450883,0.022105398,0.005417574,0.016375344,0.008599069,-0.125577038,0.274336334,-0.218299223,0.121227206,1.303036567,-0.723560139,1.317785036,-0.690939107,-0.19975464,0.151847785
-2.659449332,0.014178309,-0.027092061,-0.024396758,0.056116928,0.145834273,0.361940574,0.155523367,0.348829993,-0.016679999,0.03947513,0.08510898,0.044489334,-0.00492151,0.002739252,0.029376775,-0.016350763,0.043579623,-0.005882019,0.013084588,0.011089269,-0.139762043,0.267387928,-0.208866261,0.116975366,1.246734696,-0.698233121,1.258499345,-0.665815076,-0.195045419,0.147057889
-2.607105047,0.015576737,-0.026313783,-0.02450734,0.05617866,0.146494348,0.361572093,0.156421647,0.348640476,-0.01648878,0.039680171,0.082664038,0.048882793,-0.00832117,0.004658987,0.049669543,-0.027809771,0.064042788,-0.016804029,0.009875871,0.013503748,-0.153563974,0.259706623,-0.199056056,0.113526572,1.188176844,-0.677644855,1.196847274,-0.645661848,-0.189957635,0.142762532
-2.554761925,0.016932518,-0.025463379,-0.024673214,0.056271945,0.147484459,0.361015267,0.157652372,0.348271493,-0.016350323,0.03992488,0.07999252,0.053142267,-0.011556192,0.006527904,0.06897957,-0.038965446,0.083471152,-0.027431898,0.006753551,0.015850777,-0.166944995,0.251313481,-0.189147858,0.110875491,1.129034336,-0.661821332,1.134557106,-0.630507054,-0.184707284,0.138963064
-2.502419913,0.018241936,-0.024543183,-0.024891632,0.056396048,0.148788208,0.360274493,0.159198267,0.347727255,-0.016263173,0.040208202,0.077101747,0.057256082,-0.014626713,0.008359181,0.08730769,-0.049896442,0.101864925,-0.037848208,0.003718979,0.018138561,-0.179868433,0.242231503,-0.179346754,0.109006222,1.070531064,-0.650664313,1.072885849,-0.620255815,-0.17945109,0.135651274
-2.450078956,0.019501402,-0.023555715,-0.025159875,0.056550447,0.150389362,0.359352875,0.161042223,0.347010613,-0.016225874,0.040529215,0.073999644,0.061212961,-0.017535885,0.010165657,0.1046727,-0.060679402,0.119242854,-0.048133553,0.000771221,0.020375118,-0.192298863,0.232485587,-0.169807925,0.107895,1.013593244,-0.644031308,1.012793978,-0.614765256,-0.174306112,0.132813112
-2.397738998,0.020707464,-0.022503683,-0.025475295,0.056734834,0.152272122,0.358252257,0.163167563,0.346123097,-0.016236998,0.040887131,0.070694714,0.065002061,-0.02028905,0.011959736,0.121106504,-0.071388364,0.135637361,-0.058365889,-0.002092297,0.022568201,-0.204202219,0.222102447,-0.160640664,0.107513733,0.958873352,-0.641755463,0.954967639,-0.613864762,-0.169352975,0.13043147
-2.345399982,0.021856816,-0.02138997,-0.025835347,0.056949102,0.154421297,0.356973278,0.165558235,0.345064961,-0.016295169,0.041281288,0.067196014,0.068612994,-0.022893025,0.013753339,0.136649782,-0.082094477,0.151090183,-0.068620198,-0.004875218,0.02472527,-0.215545873,0.211110543,-0.151913434,0.10783281,0.906780024,-0.643660036,0.899846601,-0.617371237,-0.164639921,0.128488352
-2.293061852,0.022946308,-0.020217628,-0.026237609,0.05719334,0.15682242,0.355515411,0.168198932,0.343835235,-0.01639908,0.041711146,0.063513134,0.072035864,-0.025355472,0.015557892,0.151348266,-0.092865956,0.165648604,-0.078968399,-0.007581751,0.026853486,-0.226298727,0.199539997,-0.143660379,0.108823067,0.85751707,-0.649570935,0.847662896,-0.625102106,-0.160188048,0.126966448
-2.240724547,0.023972953,-0.018989871,-0.026679788,0.057467821,0.15946181,0.353877019,0.171075161,0.342431776,-0.016547494,0.042176282,0.059656169,0.075261288,-0.027684377,0.01738435,0.165249633,-0.103768189,0.179362294,-0.089479436,-0.010216268,0.028959738,-0.23643131,0.187422518,-0.135887345,0.110457071,0.811119391,-0.659324417,0.798476325,-0.636883478,-0.155996138,0.125850157
-2.188388011,0.024933938,-0.017710065,-0.027159723,0.057772998,0.162326575,0.352055396,0.174173257,0.340851315,-0.016739246,0.042676386,0.055635691,0.078280427,-0.029887626,0.019243231,0.178400957,-0.114863954,0.192280712,-0.100219457,-0.012782963,0.03105067,-0.24591585,0.174791326,-0.128577298,0.112709828,0.767485309,-0.672771277,0.752206613,-0.652554744,-0.152045008,0.125126127
-2.136052182,0.025826629,-0.016381716,-0.027675385,0.058109498,0.165404589,0.35004681,0.177480363,0.339089502,-0.016973237,0.043211255,0.051462719,0.081085004,-0.031972666,0.021144657,0.190846679,-0.126213674,0.204451003,-0.11125206,-0.015285589,0.033132726,-0.254726353,0.161681051,-0.121694942,0.115558997,0.726404124,-0.689778147,0.708660972,-0.671970181,-0.148301224,0.124783407
-2.083717002,0.026648578,-0.015008466,-0.02822486,0.058478111,0.168684435,0.347846539,0.180984375,0.337140946,-0.017248427,0.043780796,0.047148691,0.083667333,-0.033946227,0.0230984,0.202626975,-0.137875677,0.215916324,-0.122638531,-0.017727243,0.035212187,-0.262838678,0.148127623,-0.115190476,0.118984711,0.687578592,-0.710226464,0.667556722,-0.694998131,-0.144720116,0.124813292
-2.031382411,0.027397534,-0.013594079,-0.028806339,0.058879788,0.172155318,0.345448905,0.184673868,0.334999255,-0.017563819,0.044385015,0.042705433,0.086020336,-0.035814109,0.025113917,0.213776474,-0.149906414,0.226714498,-0.134438063,-0.020110201,0.037295201,-0.270230579,0.134168187,-0.109002525,0.122969084,0.650642368,-0.734009438,0.628538962,-0.721518108,-0.141248135,0.125208904
-1.979048348,0.028071442,-0.012142432,-0.029418103,0.059315636,0.17580697,0.342847305,0.188537994,0.332657064,-0.017918448,0.045024022,0.038145121,0.088137563,-0.037581011,0.02720038,0.224323213,-0.162360629,0.236876926,-0.146707901,-0.022435785,0.039387816,-0.276881785,0.119840999,-0.103060326,0.127495422,0.615173047,-0.761027411,0.591193856,-0.751416223,-0.137824618,0.125964536
-1.926714753,0.028668457,-0.010657503,-0.030058498,0.059786911,0.179629526,0.340034236,0.192566369,0.330106071,-0.018311362,0.045698028,0.033480257,0.090013211,-0.039250383,0.029366684,0.234287793,-0.17529142,0.246427688,-0.159503408,-0.024704255,0.041495989,-0.282774079,0.10518533,-0.097285282,0.132547199,0.580701486,-0.791181773,0.555058234,-0.784579061,-0.134383042,0.127074826
-1.874381567,0.029186941,-0.009143362,-0.030725919,0.060295017,0.183613399,0.337001324,0.196748942,0.327337067,-0.018741602,0.046407341,0.028723625,0.091642139,-0.040824309,0.031621441,0.243682646,-0.188750197,0.255382781,-0.172878005,-0.026914722,0.043625581,-0.287891311,0.090241363,-0.091591966,0.13810678,0.546717766,-0.824367238,0.519625828,-0.820885878,-0.130851836,0.128533697
-1.822048729,0.029625474,-0.00760416,-0.031418782,0.060841497,0.187749138,0.333739354,0.20107586,0.324339969,-0.019208185,0.047152365,0.023888264,0.093019882,-0.042303395,0.033972952,0.252511396,-0.202786498,0.263749432,-0.186882977,-0.029065063,0.045782338,-0.292219453,0.075050049,-0.085888739,0.144153868,0.512674877,-0.860462666,0.48435117,-0.860199298,-0.127154883,0.130333106
-1.769716179,0.029982853,-0.006044116,-0.0321355,0.06142803,0.192027271,0.330238303,0.205537311,0.321103861,-0.019710084,0.047933601,0.018987427,0.094142664,-0.043686672,0.036429142,0.260768253,-0.217447637,0.271525467,-0.201567107,-0.031151852,0.047971846,-0.295746645,0.059653029,-0.080078096,0.150663714,0.477990819,-0.89932031,0.448651912,-0.902354354,-0.123211807,0.132461579
-1.717383857,0.030258099,-0.004467505,-0.032874457,0.062056424,0.19643815,0.32648738,0.210123362,0.317617037,-0.020246201,0.048751639,0.014034547,0.095007408,-0.044971496,0.038997474,0.268437444,-0.232778156,0.278698709,-0.216976109,-0.033170288,0.05019946,-0.298463213,0.044092506,-0.074056838,0.157604976,0.44204959,-0.940753094,0.411909994,-0.947145511,-0.118938114,0.134902484
-1.665051703,0.030450457,-0.002878649,-0.033633979,0.062728607,0.200971776,0.322475083,0.214823794,0.313867063,-0.020815346,0.049607156,0.009043198,0.095611743,-0.04615346,0.041684815,0.275492654,-0.248819052,0.285246388,-0.23315183,-0.035114128,0.052470201,-0.300361712,0.028411122,-0.067716223,0.164937265,0.404202101,-0.984519941,0.373472713,-0.994311679,-0.114245322,0.13763204
-1.612719657,0.030559401,-0.001281903,-0.0344123,0.063446613,0.205617621,0.318189262,0.219627913,0.309840844,-0.021416215,0.05050091,0.004027064,0.095954013,-0.047226297,0.044497266,0.281896479,-0.265606735,0.291134576,-0.250131184,-0.036975625,0.054788616,-0.30143694,0.012651869,-0.060942177,0.172608275,0.363767453,-1.030308643,0.332654146,-1.043518727,-0.109041132,0.140616998
-1.560387659,0.030584631,0.000318357,-0.035207537,0.064212573,0.210364437,0.313617206,0.224524365,0.305524721,-0.022047358,0.05143373,-0.001000109,0.096033279,-0.048181798,0.047439934,0.287599922,-0.283171685,0.296317655,-0.26794477,-0.03874546,0.057158603,-0.301685953,-0.003142057,-0.05361575,0.180550492,0.320035606,-1.077716193,0.28873793,-1.094339396,-0.103229792,0.143811985
-1.508055649,0.030526079,0.001917744,-0.036017652,0.06502869,0.215200058,0.308745759,0.229500932,0.30090459,-0.02270716,0.0524065,-0.006024541,0.095849326,-0.049009737,0.050516646,0.29254194,-0.301536757,0.300737849,-0.286615133,-0.040412698,0.059583182,-0.30110807,-0.018927376,-0.045613955,0.188677455,0.272272461,-1.126226497,0.24098248,-1.146230539,-0.096712779,0.147156489
-1.455723568,0.030383905,0.003511875,-0.036840418,0.065897218,0.220111199,0.303561461,0.234544333,0.295966053,-0.023393808,0.05342015,-0.011032459,0.095402655,-0.049697814,0.053729604,0.29664911,-0.320715088,0.304324866,-0.306154625,-0.041964743,0.062064214,-0.299704872,-0.034660815,-0.036811178,0.196879536,0.219728194,-1.175185193,0.188629458,-1.198507424,-0.089389916,0.150571466
-1.403391354,0.030158499,0.00509638,-0.037673389,0.066820434,0.225083248,0.298050731,0.239640007,0.290694608,-0.024105266,0.054475623,-0.016010139,0.094694493,-0.050231626,0.057078956,0.299835468,-0.340707563,0.306995723,-0.326562808,-0.043387329,0.064602064,-0.297480203,-0.050299252,-0.027081326,0.205019278,0.161650152,-1.223771753,0.130916826,-1.25031528,-0.0811611,0.153955573
-1.351058949,0.029850478,0.006666916,-0.038513858,0.067800595,0.230100054,0.292200096,0.244771905,0.285075888,-0.024839245,0.055573859,-0.020943936,0.09372678,-0.050594688,0.060562294,0.302002607,-0.361499803,0.308654834,-0.34782337,-0.044664538,0.067195191,-0.294440155,-0.065799824,-0.016301011,0.212926341,0.097301839,-1.270969442,0.06709803,-1.300598721,-0.071928838,0.157181109
-1.298726291,0.029460686,0.008219178,-0.039358828,0.068839892,0.235143728,0.285996475,0.249922284,0.279095955,-0.02559318,0.056715749,-0.025820327,0.092502168,-0.05076851,0.064174057,0.303040161,-0.383058627,0.30919448,-0.369900518,-0.045778873,0.06983968,-0.290593064,-0.08112004,-0.004353996,0.220392246,0.025989444,-1.315533885,-0.003531234,-1.348069778,-0.061601807,0.160089789
-1.246393322,0.028990193,0.009748913,-0.040204978,0.069940392,0.240194445,0.279427523,0.25507151,0.272741659,-0.026364198,0.057902096,-0.030625946,0.091024014,-0.050732764,0.06790486,0.302826793,-0.405328,0.308495797,-0.39273483,-0.0467114,0.072528691,-0.285949476,-0.09621791,0.008862832,0.227165108,-0.052902546,-1.355961502,-0.081597133,-1.391175916,-0.050099624,0.162488504
-1.194059981,0.028440288,0.011251926,-0.041048634,0.071103972,0.24523028,0.272482052,0.260197887,0.26600107,-0.027149105,0.059133562,-0.035347621,0.089296369,-0.050465566,0.071740719,0.301231878,-0.428224461,0.306430453,-0.416238596,-0.047441977,0.075251849,-0.280522128,-0.111052055,0.02343168,0.23294471,-0.139864838,-1.390460273,-0.16760085,-1.428070568,-0.037359074,0.164145355
-1.141726207,0.027812478,0.012724098,-0.04188575,0.072332226,0.25022707,0.265150528,0.265277516,0.258863987,-0.027944359,0.060410601,-0.039972412,0.08732397,-0.049943904,0.075662216,0.298118048,-0.451632105,0.302863206,-0.440290708,-0.047949606,0.077994567,-0.274325893,-0.125581809,0.039404031,0.237378477,-0.235204739,-1.416925682,-0.261859623,-1.456589175,-0.023341944,0.164786415
-1.089391941,0.027108483,0.014161395,-0.042711887,0.073626379,0.25515833,0.257425655,0.270284214,0.251322548,-0.028746067,0.061733382,-0.04448764,0.085112221,-0.049144244,0.079643605,0.29334483,-0.475397239,0.297655549,-0.464731227,-0.048212923,0.080737328,-0.267377751,-0.139767358,0.056788643,0.240059062,-0.338974538,-1.432926252,-0.364434799,-1.474235335,-0.008044622,0.164093772
-1.037057123,0.026330234,0.015559876,-0.043522218,0.074987164,0.259995241,0.249303053,0.275189494,0.243371915,-0.029549982,0.063101706,-0.048880931,0.082667186,-0.048043359,0.083651888,0.286773587,-0.499322913,0.290670666,-0.489355843,-0.048210873,0.083454948,-0.259696742,-0.15356982,0.075537385,0.240524473,-0.450886933,-1.435704325,-0.475046992,-1.478182993,0.008490577,0.161705606
-0.984721692,0.025479863,0.016915709,-0.044311537,0.076414698,0.264706733,0.240782021,0.279962646,0.235011065,-0.030351512,0.0645149,-0.053140243,0.079995566,-0.04661941,0.08764594,0.278273952,-0.523163636,0.281779896,-0.513910553,-0.047923576,0.086115865,-0.251303916,-0.16695135,0.09552921,0.238261868,-0.57021939,-1.422198735,-0.592980364,-1.465301704,0.026162604,0.157219214
-0.932385589,0.024559702,0.018225177,-0.045074296,0.07790834,0.269259688,0.231866387,0.284570941,0.226243655,-0.031145751,0.065971707,-0.057253901,0.077104683,-0.044853301,0.091575718,0.267731945,-0.54662071,0.270870853,-0.538087015,-0.04733342,0.088681511,-0.242222283,-0.179875278,0.116552926,0.2327164,-0.695711298,-1.389097532,-0.716980107,-1.432213633,0.044797906,0.150198049
-0.880048754,0.023572271,0.019484691,-0.045804663,0.079466536,0.273619291,0.222565426,0.288979978,0.217078956,-0.031927531,0.067470167,-0.061210631,0.074002462,-0.042730328,0.095381687,0.255059795,-0.569338755,0.257857273,-0.561519176,-0.046426388,0.091105842,-0.232476737,-0.192306186,0.13828994,0.22330654,-0.82546097,-1.33292955,-0.845150409,-1.375391782,0.064136628,0.140183977
-0.827711128,0.022520279,0.020690799,-0.04649661,0.081086658,0.277749561,0.212894821,0.293154214,0.207532835,-0.032691487,0.069007486,-0.064999586,0.070697406,-0.040242101,0.098994549,0.240207424,-0.590904136,0.242690466,-0.58378195,-0.045193597,0.09333512,-0.222093993,-0.204209997,0.160298832,0.209447301,-0.956833546,-1.250202981,-0.974864304,-1.291308579,0.08382029,0.126715821
-0.775372652,0.021406608,0.021840194,-0.047144036,0.082764845,0.281614084,0.20287763,0.297057697,0.197628724,-0.033432162,0.070579915,-0.068610381,0.067198572,-0.037388693,0.102335446,0.22317526,-0.610846145,0.225372083,-0.604392847,-0.043633029,0.095308071,-0.2111025,-0.21555408,0.182004307,0.19058245,-1.086395053,-1.137597621,-1.102701197,-1.176642832,0.103382966,0.10935512
-0.723033269,0.020234311,0.022929728,-0.047740929,0.084495844,0.285176971,0.192545198,0.300655015,0.187398543,-0.034144136,0.072182621,-0.072033121,0.063515552,-0.034180909,0.105316773,0.204027806,-0.628641855,0.20596754,-0.622817574,-0.04175135,0.096956528,-0.199532383,-0.226307342,0.202693813,0.16622614,-1.209892216,-0.992213437,-1.224432334,-1.028549623,0.122248587,0.087719419
-0.67069292,0.019006601,0.023956412,-0.048281561,0.086272881,0.288404032,0.181937961,0.303912469,0.176883474,-0.034822183,0.073809587,-0.075258423,0.059658441,-0.030642529,0.107843756,0.182907001,-0.643725562,0.18461913,-0.638480652,-0.039565706,0.098206692,-0.187415373,-0.236440311,0.221525676,0.136013299,-1.322300991,-0.811871276,-1.335077982,-0.844991691,0.13973747,0.061522553
-0.61835155,0.017726843,0.024917434,-0.048760722,0.08808756,0.291264175,0.171106041,0.306799452,0.166134527,-0.035461464,0.075453534,-0.078277446,0.055637809,-0.026812284,0.109816936,0.160044037,-0.655503587,0.161557413,-0.650782008,-0.037105315,0.098981109,-0.174784676,-0.245925214,0.237552717,0.099756403,-1.417967554,-0.595451779,-1.42906124,-0.625122613,0.155085228,0.030620062
-0.566009102,0.016398545,0.025810158,-0.049173985,0.089929809,0.293730965,0.160109546,0.309289995,0.155212758,-0.036057734,0.077105879,-0.081081917,0.051464679,-0.022745291,0.111135617,0.135767907,-0.663374874,0.13710907,-0.659120265,-0.034412615,0.099201428,-0.161674901,-0.254736052,0.249764726,0.057504372,-1.490861888,-0.343246941,-1.50048021,-0.369702627,0.167476774,-0.00494372
-0.513665524,0.015025348,0.026632139,-0.04951798,0.091787901,0.295784293,0.149018489,0.311364395,0.144189055,-0.036607569,0.078756749,-0.083664147,0.047150487,-0.018513604,0.111702275,0.110508708,-0.666757288,0.111699149,-0.662923024,-0.031543712,0.098791916,-0.148121982,-0.262848677,0.257151636,0.009596973,-1.53495478,-0.057284889,-1.543511636,-0.081517514,0.176096868,-0.044892148
-0.461320763,0.013611014,0.027381123,-0.049790678,0.093648543,0.29741204,0.137912209,0.313010819,0.133143347,-0.037108594,0.080395059,-0.086017061,0.042707059,-0.014205548,0.111427771,0.084793658,-0.665118758,0.085845478,-0.661683911,-0.02856785,0.097683628,-0.134163071,-0.270240856,0.258786375,-0.04329385,-1.54471241,0.25842349,-1.552943885,0.234236471,0.180196424,-0.088683222
-0.408974767,0.012159422,0.028055058,-0.049991641,0.095497067,0.298611599,0.126878263,0.31422674,0.122163164,-0.037559683,0.082008666,-0.088134207,0.038146574,-0.009923536,0.110237083,0.059234067,-0.658011471,0.060143269,-0.655005474,-0.02556567,0.09581898,-0.119836428,-0.276892323,0.253922487,-0.100145396,-1.515679095,0.597773635,-1.524815629,0.569641161,0.17917063,-0.135494731
-0.356627489,0.01067455,0.028652095,-0.050122231,0.097317713,0.2993911,0.116010726,0.315020017,0.111341421,-0.03796113,0.083584589,-0.090009783,0.033481532,-0.0057802,0.108075089,0.034502251,-0.645106404,0.035238508,-0.642646357,-0.022626117,0.093156377,-0.105181326,-0.28278484,0.242096999,-0.159597586,-1.445091314,0.952647104,-1.457111466,0.913863249,0.172641255,-0.184234965
-0.304278882,0.009160467,0.029170599,-0.050185736,0.099094003,0.299770163,0.105407947,0.315409444,0.100773418,-0.03831475,0.085109322,-0.091638649,0.028724719,-0.00189286,0.104911815,0.011298499,-0.626224643,0.011789783,-0.62457019,-0.01984202,0.089674396,-0.090237931,-0.287902262,0.223224635,-0.220004784,-1.332440103,1.313221001,-1.350437878,1.253162083,0.160532049,-0.233584193
-0.251928901,0.007621324,0.029609148,-0.050187389,0.100809201,0.299780031,0.095169832,0.315424563,0.090553032,-0.038623901,0.086569191,-0.09301634,0.023889174,0.001623394,0.100746486,-0.009690214,-0.601361554,-0.009580236,-0.600991114,-0.017304555,0.085375024,-0.075047196,-0.292230571,0.197666749,-0.279527442,-1.179882511,1.66851495,-1.208562867,1.571355097,0.143123903,-0.282067975
-0.199577507,0.006061339,0.029966541,-0.05013427,0.102446817,0.299462964,0.085394808,0.315104612,0.080768262,-0.038893403,0.087950762,-0.09413908,0.01898815,0.004663442,0.095609744,-0.027836419,-0.570700054,-0.028339777,-0.572402742,-0.015097065,0.080285427,-0.059650758,-0.295757901,0.166258639,-0.336257977,-0.992404643,2.007142499,-1.03860505,1.851548558,0.121076729,-0.328157875
-0.14722466,0.004484788,0.030241797,-0.050035076,0.103991135,0.298870864,0.076176686,0.314496565,0.071496647,-0.039129357,0.089241267,-0.09500379,0.014035081,0.007139895,0.089563581,-0.04261848,-0.534610167,-0.044099948,-0.53955529,-0.013288845,0.074457884,-0.04409082,-0.298474577,0.130283247,-0.388367749,-0.777664637,2.318188445,-0.850397708,2.081070123,0.095408435,-0.370389049
-0.094870326,0.002895993,0.030434163,-0.049899759,0.105427717,0.298063151,0.067601645,0.313652468,0.062801992,-0.039338863,0.090429006,-0.095608102,0.009043543,0.008989931,0.082698765,-0.053661424,-0.493633694,-0.056642505,-0.503307494,-0.011929678,0.067967724,-0.02841004,-0.300373154,0.091387543,-0.434255859,-0.545493524,2.592097022,-0.654110506,2.261789712,0.067428059,-0.407479285
-0.042514474,0.001299307,0.030543111,-0.049739082,0.106743846,0.297104059,0.059745599,0.312626783,0.05473509,-0.039529658,0.091503699,-0.095950359,0.004027217,0.010180316,0.075129931,-0.060766862,-0.448454896,-0.065888179,-0.464288334,-0.011045821,0.060909391,-0.012651394,-0.301448431,0.051448725,-0.472677963,-0.30709651,2.821440758,-0.455528054,2.420426099,0.038628761,-0.438432063
0.009842923,-0.000300892,0.030568342,-0.049564092,0.107928866,0.296059538,0.052672142,0.311474848,0.047340818,-0.039709707,0.092456762,-0.096029623,-0.001000147,0.010709874,0.066988827,-0.063927796,-0.399860189,-0.071793446,-0.422535366,-0.010638027,0.053391035,0.003141936,-0.301697453,0.012407985,-0.502835348,-0.074060705,3.001452118,-0.252774306,2.595808661,0.01055485,-0.462607814
0.06220189,-0.001900218,0.030509788,-0.049385593,0.10897441,0.294994068,0.046431234,0.310252937,0.040668087,-0.039886773,0.093281485,-0.095845676,-0.00602477,0.010609107,0.058416507,-0.063326288,-0.348691526,-0.074277279,-0.377612973,-0.010681851,0.045528254,0.018926662,-0.301119539,-0.023903098,-0.524411574,0.142681202,3.130242217,-0.044597463,2.797935334,-0.015337068,-0.479753241
0.114562444,-0.003494288,0.030367608,-0.049213635,0.109874479,0.293967636,0.041058669,0.309018251,0.034772532,-0.04006802,0.093973105,-0.095399023,-0.011032879,0.009937031,0.049555372,-0.059314618,-0.295798907,-0.073323035,-0.329293744,-0.01113018,0.037437724,0.034659504,-0.299716276,-0.055916868,-0.537553781,0.333772001,3.208689317,0.158203533,2.99490584,-0.037801524,-0.489986373
0.166924601,-0.005078732,0.030142193,-0.049057081,0.110625411,0.293033157,0.036576314,0.30782675,0.029708034,-0.040259666,0.094528767,-0.094690887,-0.016010748,0.008775772,0.040541943,-0.052382993,-0.241997227,-0.069130678,-0.278034176,-0.011917559,0.029231406,0.05029734,-0.297491517,-0.082442597,-0.542806099,0.49210437,3.240041253,0.341090956,3.145179922,-0.055894556,-0.493743277
0.219288369,-0.006649209,0.029834161,-0.048923283,0.111225727,0.292234509,0.032992994,0.306729289,0.025515693,-0.040466723,0.094947413,-0.093723211,-0.020944733,0.007223708,0.031501037,-0.043118637,-0.188031535,-0.062126128,-0.224828303,-0.012965675,0.021011883,0.065797315,-0.29445136,-0.10272555,-0.541010281,0.613173439,3.229322394,0.49313992,3.227974226,-0.069020942,-0.49169858
0.271653754,-0.008201412,0.029444354,-0.048817867,0.111675901,0.291605278,0.030305874,0.305768082,0.022218415,-0.040692831,0.095229592,-0.092498645,-0.02582131,0.005388099,0.02254175,-0.032161797,-0.134553026,-0.052897295,-0.170803953,-0.014189249,0.012869138,0.081116948,-0.29060413,-0.11645082,-0.533192243,0.695099636,3.182656409,0.606996042,3.245238734,-0.076937253,-0.484674683
0.324020755,-0.009731088,0.028973843,-0.048744649,0.111978082,0.291168232,0.028502144,0.304974633,0.019821278,-0.040940191,0.095377234,-0.091020548,-0.030627112,0.003378061,0.013755315,-0.020163782,-0.082106281,-0.042116232,-0.116955273,-0.01550166,0.004878829,0.096214247,-0.285960372,-0.123700483,-0.520452264,0.738372971,3.106610856,0.679618206,3.209025166,-0.07971754,-0.473553926
0.376389367,-0.011234044,0.028423917,-0.04870565,0.112135781,0.290935449,0.027560829,0.304369066,0.01831457,-0.041209584,0.095393408,-0.089292969,-0.035348967,0.001298536,0.00521467,-0.007750999,-0.031126668,-0.030464591,-0.064062384,-0.016819764,-0.002898059,0.111047828,-0.280532817,-0.124878883,-0.503872063,0.745406934,3.007642595,0.71211138,3.132486711,-0.077693553,-0.459204232
0.428759577,-0.012706161,0.027796083,-0.048701214,0.112153581,0.29090897,0.027454578,0.303960459,0.017677319,-0.041500458,0.095282081,-0.087320645,-0.039973934,-0.000754335,-0.003024627,0.00450269,0.01805418,-0.018582391,-0.012700211,-0.018067596,-0.01041449,0.125577033,-0.274336342,-0.120622635,-0.484446149,0.720001373,2.891688007,0.708077033,3.026993186,-0.07138272,-0.442424187
0.481131369,-0.014143403,0.027092061,-0.048730177,0.112036859,0.291081847,0.028151299,0.303747794,0.017880443,-0.041811077,0.095047899,-0.08510898,-0.044489334,-0.002696326,-0.010922552,0.016094527,0.065197354,-0.007038815,0.036727704,-0.019178856,-0.01763591,0.139762042,-0.267387928,-0.111710146,-0.463039125,0.666802587,2.763907967,0.672351565,2.901702713,-0.061415729,-0.423908872
0.533504721,-0.015541831,0.026313783,-0.048790081,0.111791544,0.29143942,0.029615599,0.303721273,0.018889305,-0.042138686,0.094695992,-0.082664038,-0.048882793,-0.004456795,-0.018452258,0.026602859,0.110142606,0.00368244,0.083953096,-0.020098243,-0.024538366,0.153563976,-0.259706621,-0.098981428,-0.440366259,0.590824587,2.628572006,0.610302705,2.763711204,-0.048472367,-0.404234313
0.585879604,-0.016897612,0.025463379,-0.048877411,0.111423921,0.291960698,0.031809961,0.30386379,0.020665698,-0.042479706,0.094231813,-0.07999252,-0.053142267,-0.00597916,-0.025597557,0.035689935,0.152793313,0.01318807,0.12881091,-0.020781832,-0.0311065,0.166945001,-0.251313481,-0.083274161,-0.416992354,0.497067445,2.489051536,0.527357143,2.618352371,-0.033230346,-0.383856558
0.638255985,-0.01820703,0.024543183,-0.048987822,0.110940473,0.292619749,0.034695689,0.304152425,0.023169335,-0.042829918,0.093661015,-0.077101747,-0.057256082,-0.007220449,-0.032350496,0.043099251,0.193101993,0.021173323,0.171212555,-0.021196708,-0.037331614,0.179868436,-0.242231507,-0.065377886,-0.393343144,0.390243926,2.347887809,0.428674678,2.469515966,-0.016328635,-0.363120795
0.690633823,-0.019466496,0.023555715,-0.04911636,0.110347762,0.293386997,0.038233613,0.304559877,0.026358935,-0.043184642,0.092989353,-0.073999644,-0.061212961,-0.008150236,-0.038709181,0.0486492,0.231057349,0.02741572,0.211124304,-0.021320117,-0.043209938,0.19229886,-0.232485592,-0.046005229,-0.369723817,0.27460771,2.206902527,0.31894349,2.31994087,0.00165558,-0.342276152
0.743013075,-0.020672558,0.022503683,-0.049257657,0.109652345,0.294230407,0.042384599,0.305055762,0.030192991,-0.043538892,0.092222613,-0.070694714,-0.065002061,-0.008749222,-0.04467595,0.052224584,0.266673334,0.031766188,0.248550296,-0.02113832,-0.048741173,0.204202212,-0.222102451,-0.025777319,-0.346340432,0.153866367,2.067325648,0.202273118,2.171471559,0.020218581,-0.321492818
0.795393687,-0.02182191,0.02138997,-0.049406107,0.108860713,0.295116514,0.047109893,0.305607754,0.034630288,-0.043887522,0.091366565,-0.067196014,-0.068612994,-0.009007667,-0.050255899,0.053767258,0.299980363,0.034139057,0.283519501,-0.020645336,-0.053927318,0.215545866,-0.21111054,-0.005219972,-0.323321276,0.031158512,1.92992291,0.082160881,2.025275898,0.03893319,-0.300879115
0.847775606,-0.022911401,0.020217628,-0.049556009,0.10797926,0.29601129,0.052371338,0.306182556,0.039630232,-0.044225342,0.090426934,-0.063513134,-0.072035864,-0.008923819,-0.055455748,0.053266768,0.33101856,0.034501938,0.316075988,-0.019841682,-0.058771771,0.226298719,-0.199539993,0.015232771,-0.300736321,-0.090925,1.795111988,-0.038491051,1.882025006,0.057445957,-0.280497045
0.900158768,-0.023938047,0.018989871,-0.049701691,0.107014258,0.296880874,0.058131489,0.306746708,0.045153037,-0.044547217,0.089409381,-0.059656169,-0.075261288,-0.008502451,-0.060283019,0.050751598,0.359832814,0.032866174,0.346271899,-0.018733194,-0.063278673,0.236431303,-0.18742252,0.03523058,-0.278613855,-0.210293027,1.663061738,-0.15732734,1.742037797,0.075470722,-0.26037558
0.952543107,-0.024899032,0.017710065,-0.049837604,0.105971853,0.297692144,0.064353665,0.307267243,0.05115982,-0.044848144,0.088319496,-0.055635691,-0.078280427,-0.007753546,-0.064745452,0.046281346,0.386469327,0.029278254,0.37416256,-0.017329975,-0.067452447,0.245915848,-0.174791336,0.05449651,-0.256954027,-0.325292469,1.533773015,-0.2724748,1.605394104,0.092780377,-0.240521482
1.004928552,-0.025791723,0.016381716,-0.0499584,0.104858061,0.298413186,0.071001952,0.307712211,0.057612622,-0.04512332,0.087162792,-0.051462719,-0.081085004,-0.00669117,-0.06885063,0.039939966,0.410973369,0.023812357,0.399803252,-0.01564548,-0.071297505,0.254726354,-0.161681062,0.072815968,-0.235739433,-0.434642382,1.407141916,-0.382472024,1.472020972,0.109198045,-0.220927753
1.057315026,-0.026613672,0.015008466,-0.050058996,0.103678777,0.299013648,0.07804117,0.308051082,0.064474391,-0.045368186,0.085944715,-0.047148691,-0.083667333,-0.00533252,-0.072605758,0.031830109,0.433387942,0.016564071,0.423247227,-0.013695755,-0.074818073,0.262838671,-0.148127627,0.09002599,-0.214943097,-0.537370016,1.283007434,-0.486200312,1.341756721,0.124588527,-0.20158
1.109702449,-0.027362628,0.013594079,-0.050134613,0.102439777,0.299465011,0.085436832,0.308255063,0.071708938,-0.045578471,0.084670637,-0.042705433,-0.086020336,-0.003697148,-0.076017553,0.022068481,0.453753141,0.007645221,0.444544631,-0.011498805,-0.07801811,0.270230566,-0.134168182,0.106005444,-0.194534274,-0.632752332,1.161186037,-0.582820036,1.214397112,0.138850469,-0.182461054
1.162090736,-0.028036536,0.012142432,-0.050180815,0.101146731,0.299740792,0.093155095,0.308297328,0.07928088,-0.045750214,0.083345871,-0.038145121,-0.088137563,-0.001806336,-0.079092217,0.010782119,0.472105987,-0.002820304,0.463742085,-0.009074093,-0.080901286,0.276881777,-0.119840993,0.120666441,-0.174482498,-0.7202647,1.041495888,-0.671714497,1.089727674,0.151909509,-0.163554197
1.214479797,-0.028633551,0.010657503,-0.05019353,0.099805211,0.29981669,0.101162708,0.308153195,0.087155581,-0.045879789,0.081975669,-0.033480257,-0.090013211,0.000317392,-0.081835467,-0.001894539,0.488480611,-0.01469986,0.48088272,-0.006442138,-0.083471015,0.282774072,-0.105185334,0.133946822,-0.154760234,-0.799536914,0.923775706,-0.752442621,0.967548498,0.163712292,-0.144845225
1.266869542,-0.029152035,0.009143362,-0.050169071,0.098420694,0.299670691,0.109426967,0.307800247,0.095299099,-0.045963919,0.080565228,-0.028723625,-0.091642139,0.002650663,-0.084252596,-0.015821953,0.502908664,-0.027854763,0.496006548,-0.003624194,-0.085730504,0.287891306,-0.090241364,0.145804083,-0.135344953,-0.870315763,0.80787812,-0.824676699,0.847664205,0.174221423,-0.126324221
1.319259875,-0.029590568,0.00760416,-0.050104144,0.096998575,0.299283137,0.117915678,0.307218418,0.103678132,-0.045999683,0.079119692,-0.023888264,-0.093019882,0.005169508,-0.08634857,-0.030857094,0.515419658,-0.042141603,0.509150608,-0.000642045,-0.087682832,0.292219451,-0.075050051,0.156213348,-0.116219134,-0.932446944,0.693719978,-0.888270022,0.729966707,0.18341457,-0.107985296
1.3716507,-0.029947947,0.006044116,-0.049995858,0.095544166,0.298636773,0.126597127,0.306390051,0.11225998,-0.045984531,0.077644156,-0.018987427,-0.094142664,0.007849627,-0.088128116,-0.046854886,0.526041871,-0.057414771,0.520350178,0.002482217,-0.089331025,0.29574664,-0.059653031,0.165155699,-0.097372136,-0.985824491,0.581219941,-0.943034869,0.614318364,0.191273869,-0.089828297
1.424041915,-0.030223193,0.004467505,-0.04984173,0.094062703,0.297716773,0.135440064,0.305299935,0.121012519,-0.045916277,0.076143664,-0.014034547,-0.095007408,0.010666509,-0.08959583,-0.063669017,0.534802739,-0.073526798,0.529638989,0.005726298,-0.090678144,0.29846321,-0.044092507,0.172623838,-0.078799002,-1.030402052,0.47035577,-0.98892162,0.500665996,0.197791695,-0.071857687
1.47643342,-0.030415551,0.002878649,-0.049639685,0.092559346,0.296510754,0.144413693,0.303935324,0.129904179,-0.045793113,0.074623206,-0.009043198,-0.095611743,0.013595548,-0.090756278,-0.081152625,0.541729523,-0.090329317,0.537049995,0.009067799,-0.09172737,0.300361712,-0.028411128,0.178614542,-0.06050102,-1.06616077,0.361134008,-1.025891022,0.388980494,0.20296396,-0.054083027
1.528825111,-0.030524495,0.001281903,-0.049388059,0.091039175,0.295008783,0.153487677,0.302285949,0.138903934,-0.045613601,0.073087721,-0.004027064,-0.095954013,0.016612122,-0.091614099,-0.099158727,0.546849901,-0.107673595,0.542616015,0.012484285,-0.09248208,0.301436944,-0.012651875,0.183128213,-0.042485255,-1.093103023,0.253596841,-1.05393316,0.279272648,0.206789944,-0.036518567
1.581216886,-0.030549725,-0.000318357,-0.049085598,0.089507197,0.293203376,0.162632145,0.300344022,0.147981313,-0.045376678,0.071542086,0.001000109,-0.09603328,0.019691632,-0.092174099,-0.117540471,0.550192445,-0.125410817,0.546370294,0.015953327,-0.092945936,0.30168596,0.003142056,0.186166898,-0.024762971,-1.111246139,0.147834326,-1.07306672,0.171601818,0.20927081,-0.019181664
1.633608641,-0.030491173,-0.001917744,-0.048731458,0.087968332,0.291089494,0.171817717,0.29810423,0.157106404,-0.045081655,0.069991117,0.006024541,-0.095849326,0.022809524,-0.092441315,-0.13615136,0.551787513,-0.143392561,0.54834734,0.019452528,-0.093122917,0.301108073,0.018927373,0.187734986,-0.007355627,-1.12060087,0.043906129,-1.083268274,0.066011086,0.210409601,-0.002099027
1.68600027,-0.030348999,-0.003511875,-0.048325203,0.086427416,0.288664537,0.181015531,0.295563736,0.166249883,-0.044728217,0.068439558,0.011032459,-0.095402655,0.02594131,-0.092421143,-0.154845166,0.551667108,-0.161470402,0.548582996,0.02295954,-0.093017446,0.299704871,0.034660813,0.187834863,0.009718392,-1.121197295,-0.058008834,-1.084592864,-0.03735194,0.210208868,0.014706886
1.738391672,-0.030123592,-0.00509638,-0.047866806,0.084889192,0.285928339,0.190197282,0.292722172,0.175383041,-0.044316418,0.066892077,0.016010139,-0.094694493,0.029062549,-0.092119377,-0.173476024,0.549865848,-0.179496349,0.547115344,0.026452067,-0.0926344,0.2974802,0.050299246,0.18646996,0.026430915,-1.113050005,-0.1577673,-1.07704398,-0.138359749,0.208672009,0.031204585
1.790782744,-0.029815571,-0.006666916,-0.047356646,0.0833583,0.282883162,0.199335262,0.289581633,0.184477823,-0.043846685,0.065353257,0.020943936,-0.09372678,0.03214885,-0.091542292,-0.191898332,0.546421191,-0.197322646,0.54398501,0.029907867,-0.091979189,0.294440154,0.065799814,0.183642551,0.042751207,-1.096172934,-0.255184404,-1.060636429,-0.236844165,0.205802071,0.047360928
1.843173385,-0.02942578,-0.008219178,-0.046795507,0.081839274,0.279533694,0.208402417,0.286146679,0.193506879,-0.043319816,0.063827583,0.025820327,-0.092502168,0.035175851,-0.090696708,-0.20996667,0.541373853,-0.214801737,0.539235621,0.033304746,-0.0910578,0.290593066,0.081120035,0.179354048,0.058644615,-1.070574608,-0.350053079,-1.035380349,-0.332612454,0.201601851,0.063139699
1.895563496,-0.028955287,-0.009748913,-0.046184582,0.080336527,0.275887046,0.217372399,0.282424323,0.20244361,-0.042736978,0.062319439,0.030625946,-0.091024014,0.038119205,-0.089590055,-0.227535721,0.534768179,-0.231786201,0.532914215,0.036620553,-0.089876847,0.285949483,0.096217907,0.173605077,0.074072797,-1.036258672,-0.442144788,-1.001282048,-0.425448252,0.196073958,0.07850182
1.94795298,-0.028405382,-0.011251926,-0.045525467,0.078854344,0.271952751,0.226219634,0.278424039,0.211262235,-0.042099705,0.06083309,0.035347621,-0.089296369,0.040954574,-0.088230431,-0.244460199,0.526652504,-0.248128708,0.525071629,0.039833183,-0.088443618,0.280522132,0.111052052,0.166395763,0.08899394,-0.993225869,-0.531209956,-0.958346259,-0.515112338,0.189221037,0.093405563
2.000341744,-0.027777571,-0.012724098,-0.044820165,0.077396869,0.267742761,0.234919386,0.274157751,0.219937852,-0.041409901,0.059372676,0.039972412,-0.08732397,0.043657618,-0.086626658,-0.260594829,0.51707949,-0.263682014,0.515762871,0.042920577,-0.08676612,0.274325892,0.125581814,0.1577263,0.10336283,-0.941477347,-0.616978699,-0.906579411,-0.601343545,0.181046219,0.107806627
2.052729697,-0.027073577,-0.014161395,-0.044071083,0.075968092,0.263271451,0.243447838,0.26963984,0.228446515,-0.040669837,0.057942195,0.04448764,-0.085112221,0.046204011,-0.08478834,-0.275794393,0.506106467,-0.278299034,0.505047481,0.045860737,-0.084853116,0.267377746,0.139767365,0.147597825,0.117130917,-0.881019912,-0.699161218,-0.845995031,-0.683859389,0.17155381,0.121658207
2.105116753,-0.026295328,-0.015559876,-0.043281036,0.074571836,0.258555615,0.251782169,0.264887133,0.23676531,-0.039882149,0.056545494,0.048880931,-0.082667186,0.048569458,-0.082725919,-0.289913885,0.493795756,-0.291833017,0.49298988,0.048631753,-0.082714172,0.259696735,0.153569828,0.136013696,0.130246358,-0.811873587,-0.777448038,-0.776621496,-0.762356547,0.160750304,0.134911051
2.157502827,-0.025444957,-0.016915709,-0.042453241,0.073211744,0.253614459,0.25990064,0.259918901,0.24487244,-0.039049839,0.055186253,0.053140243,-0.079995566,0.050729754,-0.080450726,-0.302808811,0.480214999,-0.304137882,0.479659716,0.051211851,-0.080359694,0.251303913,0.166951363,0.122981213,0.142654064,-0.734081959,-0.851510353,-0.698512602,-0.836511443,0.148645753,0.147513522
2.209887841,-0.024524795,-0.018225177,-0.041591318,0.071891259,0.248469589,0.267782686,0.254756838,0.252747314,-0.038176268,0.053867972,0.057253901,-0.077104683,0.05266086,-0.077975038,-0.314335695,0.465437476,-0.31506875,0.465132191,0.053579468,-0.077800967,0.242222284,0.179875288,0.108513926,0.154295796,-0.647725909,-0.921000558,-0.61176156,-0.905981023,0.135255597,0.159411694
2.26227172,-0.023537365,-0.019484691,-0.040699284,0.070613616,0.24314499,0.275409013,0.249425037,0.260370644,-0.037265155,0.052593955,0.061210631,-0.074002462,0.054339038,-0.075312128,-0.324352838,0.449542409,-0.324482747,0.449488381,0.055713357,-0.075050195,0.232476745,0.192306187,0.092634613,0.165110336,-0.552941387,-0.985553209,-0.516518983,-0.97040398,0.120603039,0.170549506
2.314654395,-0.022485373,-0.020690799,-0.039781551,0.069381816,0.237666987,0.282761698,0.24394995,0.267724542,-0.03632057,0.051367293,0.064999586,-0.070697406,0.055741031,-0.07247631,-0.332721417,0.432615249,-0.332240138,0.432815521,0.057592742,-0.072120529,0.222094,0.204209991,0.075378989,0.175033815,-0.449941572,-1.044787049,-0.413015229,-1.029403049,0.10472199,0.18086905
2.367035801,-0.021371702,-0.021840194,-0.038842909,0.068198614,0.232064183,0.289824297,0.23836032,0.27479263,-0.035346923,0.050190853,0.068610381,-0.067198572,0.056844317,-0.069482984,-0.339306992,0.41474791,-0.338205878,0.415207241,0.05919753,-0.069026101,0.211102505,0.215554075,0.056800243,0.184000258,-0.339043967,-1.098308278,-0.301587585,-1.082588533,0.087660695,0.190311021
2.419415879,-0.020199405,-0.022929728,-0.037888519,0.0670665,0.226367372,0.296581951,0.232687088,0.281560142,-0.034348951,0.049067254,0.072033121,-0.063515552,0.05762744,-0.066348658,-0.3439815,0.39603894,-0.342251654,0.396763736,0.060508576,-0.065782037,0.199532394,0.226307336,0.0369744,0.191942448,-0.220702355,-1.145715683,-0.182712148,-1.129563697,0.069485998,0.198815426
2.471794574,-0.018971695,-0.023956412,-0.036923885,0.065987678,0.220609413,0.303021502,0.226963261,0.28801404,-0.033331701,0.04799886,0.075258423,-0.059658441,0.058070446,-0.063090965,-0.346625826,0.376593583,-0.344258488,0.377591817,0.061508041,-0.06240446,0.187415382,0.236440305,0.016006336,0.19879326,-0.095542777,-1.186608583,-0.057039521,-1.169932933,0.050288145,0.206322669
2.524171838,-0.017691937,-0.024917434,-0.035954827,0.064964049,0.214825053,0.3091316,0.221223727,0.294143118,-0.032300504,0.046987753,0.078277446,-0.055637809,0.058155411,-0.059728642,-0.34713299,0.35652368,-0.344119964,0.357804802,0.062179818,-0.058910475,0.17478468,0.245925211,-0.005963744,0.204487534,0.035597895,-1.220598021,0.074567114,-1.203313129,0.03018594,0.212775068
2.576547627,-0.016363639,-0.025810158,-0.034987445,0.063997195,0.209050695,0.314902811,0.215505017,0.299938112,-0.031260939,0.046035724,0.081081917,-0.051464679,0.05786709,-0.056281477,-0.345411988,0.335947356,-0.341746089,0.337522187,0.062510056,-0.055318118,0.161674907,0.254736051,-0.028753887,0.208964604,0.171633593,-1.247321882,0.210994428,-1.229348893,0.009331871,0.218118892
2.628921905,-0.014990442,-0.026632139,-0.034028064,0.063088356,0.203324095,0.320327719,0.209844997,0.305391798,-0.030218794,0.045144257,0.083664147,-0.047150487,0.057193658,-0.052770213,-0.341392229,0.314988415,-0.337067739,0.316869028,0.062487756,-0.051646268,0.14812199,0.262848678,-0.052134758,0.212171595,0.311195372,-1.266464519,0.350846327,-1.24773218,-0.012083409,0.222307009
2.681294639,-0.013576108,-0.027381123,-0.033083172,0.062238424,0.197683982,0.325401013,0.204282474,0.310499074,-0.029180014,0.044314515,0.086017061,-0.042707059,0.056127533,-0.049216378,-0.335028469,0.293775369,-0.330041579,0.295974956,0.062105438,-0.047914514,0.134163079,0.270240852,-0.075825763,0.214067452,0.452608365,-1.277780901,0.49242216,-1.258226337,-0.033827995,0.22530213
2.733665805,-0.012124516,-0.028055058,-0.032159343,0.061447924,0.19216959,0.330119552,0.198856729,0.315257028,-0.028150632,0.043547328,0.088134207,-0.038146574,0.054666249,-0.045642055,-0.326305978,0.272440033,-0.320655197,0.274972761,0.06135984,-0.044142959,0.119836435,0.27689231,-0.099494195,0.214627645,0.593886633,-1.281124596,0.633712922,-1.26069389,-0.055628068,0.227080575
2.786035381,-0.010639644,-0.028652095,-0.031263141,0.060717012,0.186820111,0.334482408,0.193606956,0.319664976,-0.027136696,0.042843191,0.090009783,-0.033481532,0.052813295,-0.042069564,-0.315245594,0.25111563,-0.3089321,0.253996488,0.060252593,-0.040351958,0.105181328,0.282784835,-0.122758742,0.213849269,0.73275408,-1.27647826,0.772423438,-1.25512676,-0.077170726,0.227636376
2.838403352,-0.009125561,-0.029170599,-0.03040102,0.060045472,0.181674061,0.338490869,0.188571627,0.32372446,-0.026144183,0.042202258,0.091638649,-0.028724719,0.050578866,-0.038521056,-0.301908155,0.229934386,-0.294936079,0.233179028,0.058790823,-0.036561789,0.090237927,0.287902267,-0.145198536,0.211756104,0.866698538,-1.263983865,0.906027377,-1.241676241,-0.098111241,0.226985328
2.890769711,-0.007586418,-0.029609148,-0.029579203,0.059432724,0.176768586,0.342148397,0.183787793,0.327439209,-0.0251789,0.04162435,0.09301634,-0.023889174,0.047980395,-0.035018033,-0.286397731,0.209024645,-0.278774343,0.212649239,0.056987584,-0.032792261,0.075047192,0.292230576,-0.166368533,0.208403027,0.993063486,-1.243969003,1.031859387,-1.220679115,-0.118085385,0.225168528
2.943134453,-0.006026433,-0.029966541,-0.028803559,0.058877839,0.172138724,0.345460541,0.179290345,0.330815043,-0.024246389,0.041108963,0.09413908,-0.01898815,0.04504279,-0.0315808,-0.268862994,0.188507611,-0.260598809,0.192528685,0.054862048,-0.029062271,0.05965076,0.295757901,-0.185821143,0.203879039,1.109177234,-1.216964945,1.147244016,-1.192675713,-0.136726759,0.222254803
2.995497579,-0.004449882,-0.030241797,-0.028079483,0.058379562,0.167816672,0.348434783,0.175111276,0.333859723,-0.023351817,0.04065529,0.09500379,-0.014035081,0.041798255,-0.028227888,-0.249496182,0.168493891,-0.240604985,0.172928179,0.052439362,-0.025389327,0.044090833,0.298474574,-0.203132948,0.198308149,1.212512383,-1.183711937,1.24965421,-1.158415471,-0.153688189,0.218341429
3.047859097,-0.002861086,-0.030434163,-0.027411774,0.05793635,0.163831081,0.351080339,0.171278981,0.336582745,-0.022499891,0.040262248,0.095608102,-0.009043543,0.03828565,-0.024975478,-0.228529239,0.149080076,-0.219028061,0.153944365,0.049750141,-0.021789091,0.028410052,0.300373153,-0.217934005,0.191847493,1.300860714,-1.145147961,1.33688468,-1.118846208,-0.168665191,0.213552623
3.100219018,-0.001264401,-0.030543111,-0.026804538,0.057546413,0.160206454,0.353407896,0.167817652,0.338995072,-0.021694766,0.039928508,0.095950359,-0.004027217,0.034549353,-0.02183689,-0.206227065,0.130345669,-0.196136117,0.135656622,0.046829554,-0.018274956,0.012651394,0.301448429,-0.229936206,0.184682394,1.372502488,-1.102379237,1.407219476,-1.07508534,-0.181418683,0.208035603
-3.130607949,0.000335798,-0.030568342,-0.026261104,0.057207765,0.156962665,0.355429306,0.1647468,0.341108834,-0.020939979,0.039652544,0.096029623,0.001000147,0.030637694,-0.018822172,-0.182878151,0.11235065,-0.17222077,0.1181246,0.04371608,-0.014857709,-0.003141937,0.301697449,-0.238956662,0.17701855,1.426346055,-1.056633564,1.459570111,-1.028373972,-0.191793716,0.201954336
-3.07825117,0.001935124,-0.030509788,-0.025783976,0.056918282,0.154114661,0.357157245,0.162080959,0.342936974,-0.020238411,0.039432668,0.095845676,0.00602477,0.026601077,-0.015937845,-0.158783349,0.095133959,-0.147585963,0.10138668,0.040449997,-0.011545323,-0.018926652,0.301119535,-0.24492989,0.169071695,1.4620005,-1.009192206,1.493545011,-0.980007762,-0.199729236,0.195481045
-3.025895925,0.003529194,-0.030367608,-0.025374816,0.056675762,0.15167236,0.35860486,0.159829579,0.344492896,-0.019592269,0.039267088,0.095399023,0.011032879,0.022489894,-0.01318683,-0.134243498,0.078713007,-0.122535587,0.085459533,0.037071719,-0.008342893,-0.034659491,0.299716281,-0.247919795,0.1610601,1.479851426,-0.961366243,1.509531866,-0.931338658,-0.205267612,0.188791482
-2.973542187,0.005113639,-0.030142193,-0.025034459,0.056477984,0.149640747,0.35978541,0.157997127,0.345790096,-0.019003094,0.039153949,0.094690887,0.016010748,0.018352587,-0.01056849,-0.109547664,0.06308404,-0.097361821,0.070337887,0.033620246,-0.005252648,-0.050297334,0.297491523,-0.248105567,0.15318109,1.480956454,-0.914341705,1.508592989,-0.883520791,-0.208543901,0.182043094
-2.921189922,0.006684115,-0.029834161,-0.024762961,0.056322763,0.148020162,0.360711932,0.156583378,0.346841826,-0.0184718,0.039091379,0.093723211,0.020944733,0.014233782,-0.008079012,-0.084962277,0.048224246,-0.072334149,0.055997527,0.030131668,-0.002274269,-0.065797314,0.294451362,-0.245753804,0.145623671,1.466919027,-0.869231741,1.492324309,-0.837742221,-0.209762471,0.175389215
-2.868839095,0.008236318,-0.029444354,-0.024559678,0.056208005,0.146806753,0.361396934,0.155583858,0.347660783,-0.017998733,0.039077533,0.092498645,0.02582131,0.010172953,-0.005711734,-0.060722956,0.034093854,-0.047691245,0.042396696,0.026638092,0.000594869,-0.081116948,0.29060413,-0.241210416,0.138540851,1.439798976,-0.826955738,1.462791934,-0.794926041,-0.209191696,0.168953541
-2.816489666,0.009765994,-0.028973843,-0.024423356,0.056131743,0.145993041,0.361852143,0.154990418,0.348258841,-0.017583741,0.039110626,0.091020548,0.030627112,0.006203462,-0.003457659,-0.037028836,0.020639162,-0.023635217,0.029479294,0.02316688,0.00335929,-0.096214246,0.285960373,-0.234860081,0.132057234,1.401893225,-0.788256403,1.422299846,-0.755842648,-0.207130896,0.162837919
-2.764141593,0.01126895,-0.028423917,-0.024352241,0.05609218,0.145568549,0.362088297,0.154791863,0.348646845,-0.017226257,0.039188961,0.089292969,0.035348967,0.002352107,-0.001305987,-0.014039877,0.007795712,-0.000328823,0.017178066,0.01974028,0.006024999,-0.111047828,0.280532817,-0.227100738,0.126264987,1.355577107,-0.753683705,1.373236528,-0.721064704,-0.203890146,0.157118627
-2.711794831,0.012741067,-0.027796083,-0.024344185,0.056087708,0.145520464,0.362114991,0.154974618,0.348834445,-0.016925389,0.03931095,0.087320645,0.039973934,-0.001360981,0.000755349,0.008123779,-0.00450883,0.022105398,0.005417574,0.016375344,0.008599069,-0.125577039,0.274336335,-0.218299222,0.121227204,1.303036568,-0.723560139,1.317785032,-0.690939106,-0.19975464,0.151847784
-2.659449332,0.014178309,-0.027092061,-0.024396758,0.056116928,0.145834273,0.361940574,0.155523367,0.348829993,-0.016679999,0.03947513,0.08510898,0.044489334,-0.00492151,0.002739252,0.029376775,-0.016350763,0.043579623,-0.005882019,0.013084588,0.011089269,-0.139762045,0.267387928,-0.208866258,0.116975366,1.246734678,-0.69823311,1.258499324,-0.665815063,-0.195045417,0.147057888
-2.607105047,0.015576737,-0.026313783,-0.02450734,0.05617866,0.146494348,0.361572093,0.156421647,0.348640476,-0.01648878,0.039680171,0.082664038,0.048882793,-0.00832117,0.004658987,0.049669543,-0.027809771,0.064042788,-0.016804029,0.009875871,0.013503748,-0.153563976,0.259706623,-0.199056056,0.113526572,1.188176837,-0.677644849,1.196847264,-0.64566184,-0.189957635,0.142762532
-2.554761925,0.016932518,-0.025463379,-0.024673214,0.056271945,0.147484459,0.361015267,0.157652372,0.348271493,-0.016350323,0.03992488,0.07999252,0.053142267,-0.011556192,0.006527904,0.06897957,-0.038965446,0.083471152,-0.027431898,0.006753551,0.015850777,-0.166944998,0.251313484,-0.189147852,0.110875487,1.129034297,-0.66182131,1.134557068,-0.63050703,-0.184707279,0.13896306
-2.502419913,0.018241936,-0.024543183,-0.024891632,0.056396048,0.148788208,0.360274493,0.159198267,0.347727255,-0.016263173,0.040208202,0.077101747,0.057256082,-0.014626713,0.008359181,0.08730769,-0.049896442,0.101864925,-0.037848208,0.003718979,0.018138561,-0.179868433,0.242231509,-0.179346745,0.109006218,1.070531007,-0.650664282,1.072885794,-0.620255782,-0.179451081,0.13565127
-2.450078956,0.019501402,-0.023555715,-0.025159875,0.056550447,0.150389362,0.359352875,0.161042223,0.347010613,-0.016225874,0.040529215,0.073999644,0.061212961,-0.017535885,0.010165657,0.1046727,-0.060679402,0.119242854,-0.048133553,0.000771221,0.020375118,-0.192298862,0.232485589,-0.169807917,0.107895,1.013593213,-0.644031289,1.01279395,-0.614765235,-0.174306105,0.132813112
-2.397738998,0.020707464,-0.022503683,-0.025475295,0.056734834,0.152272122,0.358252257,0.163167563,0.346123097,-0.016236998,0.040887131,0.070694714,0.065002061,-0.02028905,0.011959736,0.121106504,-0.071388364,0.135637361,-0.058365889,-0.002092297,0.022568201,-0.204202219,0.222102445,-0.160640656,0.107513731,0.958873329,-0.64175545,0.954967622,-0.613864746,-0.169352968,0.130431468
-2.345399982,0.021856816,-0.02138997,-0.025835347,0.056949102,0.154421297,0.356973278,0.165558235,0.345064961,-0.016295169,0.041281288,0.067196014,0.068612994,-0.022893025,0.013753339,0.136649782,-0.082094477,0.151090183,-0.068620198,-0.004875218,0.02472527,-0.215545875,0.211110536,-0.151913426,0.107832808,0.906780003,-0.643660025,0.899846585,-0.617371225,-0.164639915,0.128488348
-2.293061852,0.022946308,-0.020217628,-0.026237609,0.05719334,0.15682242,0.355515411,0.168198932,0.343835235,-0.01639908,0.041711146,0.063513134,0.072035864,-0.025355472,0.015557892,0.151348266,-0.092865956,0.165648604,-0.078968399,-0.007581751,0.026853486,-0.226298729,0.19953999,-0.143660376,0.108823066,0.857517048,-0.649570924,0.847662877,-0.625102095,-0.160188045,0.126966447
-2.240724547,0.023972953,-0.018989871,-0.026679788,0.057467821,0.15946181,0.353877019,0.171075161,0.342431776,-0.016547494,0.042176282,0.059656169,0.075261288,-0.027684377,0.01738435,0.165249633,-0.103768189,0.179362294,-0.089479436,-0.010216268,0.028959738,-0.236431312,0.187422517,-0.135887349,0.110457073,0.811119387,-0.659324417,0.798476323,-0.63688348,-0.155996141,0.12585016
-2.188388011,0.024933938,-0.017710065,-0.027159723,0.057772998,0.162326575,0.352055396,0.174173257,0.340851315,-0.016739246,0.042676386,0.055635691,0.078280427,-0.029887626,0.019243231,0.178400957,-0.114863954,0.192280712,-0.100219457,-0.012782963,0.03105067,-0.245915852,0.174791327,-0.128577303,0.112709831,0.767485315,-0.672771283,0.752206623,-0.652554752,-0.152045012,0.125126129
-2.136052182,0.025826629,-0.016381716,-0.027675385,0.058109498,0.165404589,0.35004681,0.177480363,0.339089502,-0.016973237,0.043211255,0.051462719,0.081085004,-0.031972666,0.021144657,0.190846679,-0.126213674,0.204451003,-0.11125206,-0.015285589,0.033132726,-0.254726354,0.161681052,-0.121694944,0.115558999,0.726404135,-0.689778155,0.708660987,-0.671970187,-0.148301226,0.124783409
-2.083717002,0.026648578,-0.015008466,-0.02822486,0.058478111,0.168684435,0.347846539,0.180984375,0.337140946,-0.017248427,0.043780796,0.047148691,0.083667333,-0.033946227,0.0230984,0.202626975,-0.137875677,0.215916324,-0.122638531,-0.017727243,0.035212187,-0.262838677,0.148127623,-0.115190475,0.118984715,0.687578596,-0.710226463,0.66755673,-0.694998127,-0.144720114,0.124813296
-2.031382411,0.027397534,-0.013594079,-0.028806339,0.058879788,0.172155318,0.345448905,0.184673868,0.334999255,-0.017563819,0.044385015,0.042705433,0.086020336,-0.035814109,0.025113917,0.213776474,-0.149906414,0.226714498,-0.134438063,-0.020110201,0.037295201,-0.270230577,0.134168187,-0.109002526,0.122969087,0.650642364,-0.734009433,0.62853896,-0.721518103,-0.141248135,0.125208907
-1.979048348,0.028071442,-0.012142432,-0.029418103,0.059315636,0.17580697,0.342847305,0.188537994,0.332657064,-0.017918448,0.045024022,0.038145121,0.088137563,-0.037581011,0.02720038,0.224323213,-0.162360629,0.236876926,-0.146707901,-0.022435785,0.039387816,-0.276881784,0.119840998,-0.103060329,0.127495422,0.615173043,-0.761027409,0.591193849,-0.751416223,-0.13782462,0.125964538
-1.926714753,0.028668457,-0.010657503,-0.030058498,0.059786911,0.179629526,0.340034236,0.192566369,0.330106071,-0.018311362,0.045698028,0.033480257,0.090013211,-0.039250383,0.029366684,0.234287793,-0.17529142,0.246427688,-0.159503408,-0.024704255,0.041495989,-0.282774079,0.105185329,-0.097285284,0.132547198,0.580701477,-0.791181769,0.555058223,-0.784579059,-0.134383044,0.127074824
-1.874381567,0.029186941,-0.009143362,-0.030725919,0.060295017,0.183613399,0.337001324,0.196748942,0.327337067,-0.018741602,0.046407341,0.028723625,0.091642139,-0.040824309,0.031621441,0.243682646,-0.188750197,0.255382781,-0.172878005,-0.026914722,0.043625581,-0.287891311,0.090241363,-0.091591967,0.138106777,0.54671775,-0.824367229,0.519625812,-0.82088587,-0.130851837,0.128533695
-1.822048729,0.029625474,-0.00760416,-0.031418782,0.060841497,0.187749138,0.333739354,0.20107586,0.324339969,-0.019208185,0.047152365,0.023888264,0.093019882,-0.042303395,0.033972952,0.252511396,-0.202786498,0.263749432,-0.186882977,-0.029065063,0.045782338,-0.292219449,0.075050053,-0.085888737,0.144153865,0.512674853,-0.86046265,0.484351147,-0.860199285,-0.127154881,0.130333103
-1.769716179,0.029982853,-0.006044116,-0.0321355,0.06142803,0.192027271,0.330238303,0.205537311,0.321103861,-0.019710084,0.047933601,0.018987427,0.094142664,-0.043686672,0.036429142,0.260768253,-0.217447637,0.271525467,-0.201567107,-0.031151852,0.047971846,-0.295746635,0.059653033,-0.080078089,0.150663707,0.477990781,-0.89932028,0.448651871,-0.902354329,-0.1232118,0.132461572
-1.717383857,0.030258099,-0.004467505,-0.032874457,0.062056424,0.19643815,0.32648738,0.210123362,0.317617037,-0.020246201,0.048751639,0.014034547,0.095007408,-0.044971496,0.038997473,0.268437444,-0.232778156,0.278698709,-0.216976109,-0.033170288,0.05019946,-0.298463207,0.04409251,-0.074056835,0.15760497,0.44204958,-0.940753085,0.411909977,-0.947145504,-0.118938111,0.134902479
-1.665051703,0.030450457,-0.002878649,-0.033633979,0.062728607,0.200971776,0.322475083,0.214823794,0.313867063,-0.020815346,0.049607156,0.009043198,0.095611743,-0.04615346,0.041684815,0.275492654,-0.248819052,0.285246388,-0.23315183,-0.035114128,0.052470201,-0.300361717,0.028411128,-0.067716224,0.164937261,0.404202113,-0.98451995,0.373472723,-0.994311688,-0.114245323,0.137632036
-1.612719657,0.030559401,-0.001281903,-0.0344123,0.063446613,0.205617621,0.318189262,0.219627913,0.309840844,-0.021416215,0.05050091,0.004027064,0.095954013,-0.047226297,0.044497266,0.281896479,-0.265606735,0.291134576,-0.250131184,-0.036975625,0.054788616,-0.301436953,0.01265187,-0.06094218,0.172608271,0.363767463,-1.03030865,0.332654154,-1.043518735,-0.109041135,0.140616994
-1.560387659,0.030584631,0.000318357,-0.035207537,0.064212573,0.210364437,0.313617206,0.224524365,0.305524721,-0.022047358,0.05143373,-0.001000109,0.096033279,-0.048181798,0.047439934,0.287599922,-0.283171685,0.296317655,-0.26794477,-0.03874546,0.057158603,-0.301685963,-0.003142062,-0.053615754,0.180550491,0.32003562,-1.077716204,0.288737942,-1.094339408,-0.103229797,0.143811984
-1.508055649,0.030526079,0.001917744,-0.036017652,0.06502869,0.215200058,0.308745759,0.229500932,0.30090459,-0.02270716,0.0524065,-0.006024541,0.095849326,-0.049009737,0.050516646,0.29254194,-0.301536757,0.300737849,-0.286615133,-0.040412698,0.059583182,-0.301108073,-0.018927376,-0.045613961,0.188677456,0.272272481,-1.126226515,0.240982498,-1.146230558,-0.096712784,0.147156492
-1.455723568,0.030383905,0.003511875,-0.036840418,0.065897218,0.220111199,0.303561461,0.234544333,0.295966053,-0.023393808,0.05342015,-0.011032459,0.095402655,-0.049697814,0.053729604,0.29664911,-0.320715088,0.304324866,-0.306154625,-0.041964743,0.062064214,-0.299704871,-0.034660819,-0.03681118,0.196879534,0.219728201,-1.175185198,0.188629464,-1.198507429,-0.089389918,0.150571465
-1.403391354,0.030158499,0.00509638,-0.037673389,0.066820434,0.225083248,0.298050731,0.239640007,0.290694608,-0.024105266,0.054475623,-0.016010139,0.094694493,-0.050231626,0.057078956,0.299835468,-0.340707563,0.306995723,-0.326562808,-0.043387329,0.064602064,-0.297480204,-0.050299258,-0.027081325,0.205019271,0.161650153,-1.223771754,0.130916829,-1.250315281,-0.081161099,0.153955566
-1.351058949,0.029850478,0.006666916,-0.038513858,0.067800595,0.230100054,0.292200096,0.244771905,0.285075888,-0.024839245,0.055573859,-0.020943936,0.09372678,-0.050594688,0.060562294,0.302002607,-0.361499803,0.308654834,-0.34782337,-0.044664538,0.067195191,-0.294440158,-0.065799824,-0.016301011,0.212926335,0.097301853,-1.270969462,0.067098049,-1.300598736,-0.071928838,0.157181104
-1.298726291,0.029460686,0.008219178,-0.039358828,0.068839892,0.235143728,0.285996475,0.249922284,0.279095955,-0.02559318,0.056715749,-0.025820327,0.092502168,-0.05076851,0.064174057,0.303040161,-0.383058627,0.30919448,-0.369900518,-0.045778873,0.06983968,-0.290593066,-0.081120037,-0.004353998,0.220392248,0.025989462,-1.31553391,-0.003531214,-1.348069795,-0.061601808,0.160089791
-1.246393322,0.028990193,0.009748913,-0.040204978,0.069940392,0.240194445,0.279427523,0.25507151,0.272741659,-0.026364198,0.057902096,-0.030625946,0.091024014,-0.050732764,0.06790486,0.302826793,-0.405328,0.308495797,-0.39273483,-0.0467114,0.072528691,-0.285949475,-0.096217906,0.008862827,0.227165115,-0.052902526,-1.355961529,-0.081597115,-1.391175937,-0.05009963,0.162488511
-1.194059981,0.028440288,0.011251926,-0.041048634,0.071103972,0.24523028,0.272482052,0.260197887,0.26600107,-0.027149105,0.059133562,-0.035347621,0.089296369,-0.050465566,0.071740719,0.301231878,-0.428224461,0.306430453,-0.416238596,-0.047441977,0.075251849,-0.280522124,-0.11105205,0.023431674,0.232944716,-0.139864826,-1.390460289,-0.167600839,-1.428070581,-0.03735908,0.164145362
-1.141726207,0.027812478,0.012724098,-0.04188575,0.072332226,0.25022707,0.265150528,0.265277516,0.258863987,-0.027944359,0.060410601,-0.039972412,0.08732397,-0.049943904,0.075662216,0.298118048,-0.451632105,0.302863206,-0.440290708,-0.047949606,0.077994567,-0.274325891,-0.125581813,0.039404029,0.237378478,-0.235204739,-1.416925683,-0.261859622,-1.456589175,-0.023341945,0.164786417
-1.089391941,0.027108483,0.014161395,-0.042711887,0.073626379,0.25515833,0.257425655,0.270284214,0.251322548,-0.028746067,0.061733382,-0.04448764,0.085112221,-0.049144244,0.079643605,0.29334483,-0.475397239,0.297655549,-0.464731227,-0.048212923,0.080737328,-0.267377749,-0.139767364,0.056788644,0.240059063,-0.338974532,-1.43292626,-0.364434791,-1.47423534,-0.008044622,0.164093773
-1.037057123,0.026330234,0.015559876,-0.043522218,0.074987164,0.259995241,0.249303053,0.275189494,0.243371915,-0.029549982,0.063101706,-0.048880931,0.082667186,-0.048043359,0.083651888,0.286773587,-0.499322913,0.290670666,-0.489355843,-0.048210873,0.083454948,-0.259696739,-0.15356982,0.075537385,0.240524473,-0.450886925,-1.435704337,-0.475046979,-1.478182999,0.008490577,0.161705607
-0.984721692,0.025479863,0.016915709,-0.044311537,0.076414698,0.264706733,0.240782021,0.279962646,0.235011065,-0.030351512,0.0645149,-0.053140243,0.079995566,-0.04661941,0.08764594,0.278273952,-0.523163636,0.281779896,-0.513910553,-0.047923576,0.086115865,-0.251303916,-0.166951354,0.095529209,0.238261869,-0.570219391,-1.422198735,-0.592980358,-1.465301698,0.026162603,0.157219214
-0.932385589,0.024559702,0.018225177,-0.045074296,0.07790834,0.269259688,0.231866387,0.284570941,0.226243655,-0.031145751,0.065971707,-0.057253901,0.077104683,-0.044853301,0.091575718,0.267731945,-0.54662071,0.270870853,-0.538087015,-0.04733342,0.088681511,-0.242222286,-0.179875292,0.116552925,0.232716403,-0.695711297,-1.389097536,-0.716980103,-1.432213632,0.044797904,0.150198052
-0.880048754,0.023572271,0.019484691,-0.045804663,0.079466536,0.273619291,0.222565426,0.288979978,0.217078956,-0.031927531,0.067470167,-0.061210631,0.074002462,-0.042730328,0.095381687,0.255059795,-0.569338755,0.257857273,-0.561519176,-0.046426388,0.091105842,-0.232476741,-0.192306199,0.138289939,0.223306544,-0.825460961,-1.332929567,-0.845150398,-1.375391795,0.064136626,0.14018398
-0.827711128,0.022520279,0.020690799,-0.04649661,0.081086658,0.277749561,0.212894821,0.293154214,0.207532835,-0.032691487,0.069007486,-0.064999586,0.070697406,-0.040242101,0.098994549,0.240207424,-0.590904136,0.242690466,-0.58378195,-0.045193597,0.09333512,-0.222093994,-0.20421,0.16029883,0.209447305,-0.956833532,-1.250203013,-0.974864285,-1.29130861,0.083820287,0.126715824
-0.775372652,0.021406608,0.021840194,-0.047144036,0.082764845,0.281614084,0.20287763,0.297057697,0.197628724,-0.033432162,0.070579915,-0.068610381,0.067198572,-0.037388693,0.102335446,0.22317526,-0.610846145,0.225372083,-0.604392847,-0.043633029,0.095308071,-0.211102506,-0.215554077,0.182004301,0.190582458,-1.086395028,-1.137597688,-1.102701168,-1.176642903,0.103382959,0.109355128
-0.723033269,0.020234311,0.022929728,-0.047740929,0.084495844,0.285176971,0.192545198,0.300655015,0.187398543,-0.034144136,0.072182621,-0.072033121,0.063515552,-0.034180909,0.105316773,0.204027806,-0.628641855,0.20596754,-0.622817574,-0.04175135,0.096956528,-0.199532401,-0.22630734,0.202693808,0.166226155,-1.20989218,-0.992213539,-1.224432296,-1.028549723,0.12224858,0.087719431
-0.67069292,0.019006601,0.023956412,-0.048281561,0.086272881,0.288404032,0.181937961,0.303912469,0.176883474,-0.034822183,0.073809587,-0.075258423,0.059658441,-0.030642529,0.107843756,0.182907001,-0.643725562,0.18461913,-0.638480652,-0.039565706,0.098206692,-0.187415387,-0.236440311,0.221525674,0.13601331,-1.32230097,-0.811871338,-1.335077959,-0.844991748,0.139737466,0.061522563
-0.61835155,0.017726843,0.024917434,-0.048760722,0.08808756,0.291264175,0.171106041,0.306799452,0.166134527,-0.035461464,0.075453534,-0.078277446,0.055637809,-0.026812284,0.109816936,0.160044037,-0.655503587,0.161557413,-0.650782008,-0.037105315,0.098981109,-0.17478468,-0.245925215,0.237552714,0.099756404,-1.417967555,-0.595451773,-1.429061244,-0.625122612,0.155085225,0.030620063
-0.566009102,0.016398545,0.025810158,-0.049173985,0.089929809,0.293730965,0.160109546,0.309289995,0.155212758,-0.036057734,0.077105879,-0.081081917,0.051464679,-0.022745291,0.111135617,0.135767907,-0.663374874,0.13710907,-0.659120265,-0.034412615,0.099201428,-0.161674903,-0.254736057,0.249764724,0.057504367,-1.490861897,-0.343246907,-1.500480227,-0.369702613,0.167476772,-0.004943725
-0.513665524,0.015025348,0.026632139,-0.04951798,0.091787901,0.295784293,0.149018489,0.311364395,0.144189055,-0.036607569,0.078756749,-0.083664147,0.047150487,-0.018513604,0.111702275,0.110508708,-0.666757288,0.111699149,-0.662923024,-0.031543712,0.098791916,-0.14812198,-0.262848685,0.257151637,0.009596962,-1.534954795,-0.057284821,-1.543511659,-0.081517465,0.176096869,-0.044892159
-0.461320763,0.013611014,0.027381123,-0.049790678,0.093648543,0.29741204,0.137912209,0.313010819,0.133143347,-0.037108594,0.080395059,-0.086017061,0.042707059,-0.014205548,0.111427771,0.084793658,-0.665118758,0.085845478,-0.661683911,-0.02856785,0.097683628,-0.134163065,-0.270240861,0.258786377,-0.04329386,-1.544712424,0.258423565,-1.552943905,0.234236538,0.180196426,-0.088683232
-0.408974767,0.012159422,0.028055058,-0.049991641,0.095497067,0.298611599,0.126878263,0.31422674,0.122163164,-0.037559683,0.082008666,-0.088134207,0.038146574,-0.009923536,0.110237083,0.059234067,-0.658011471,0.060143269,-0.655005474,-0.02556567,0.09581898,-0.119836428,-0.276892324,0.253922486,-0.100145401,-1.515679102,0.59777367,-1.524815639,0.569641189,0.179170629,-0.135494735
-0.356627489,0.01067455,0.028652095,-0.050122231,0.097317713,0.2993911,0.116010726,0.315020017,0.111341421,-0.03796113,0.083584589,-0.090009783,0.033481532,-0.0057802,0.108075089,0.034502251,-0.645106404,0.035238508,-0.642646357,-0.022626117,0.093156377,-0.105181327,-0.282784843,0.242096996,-0.159597591,-1.445091318,0.952647136,-1.457111472,0.913863269,0.172641252,-0.18423497
-0.304278882,0.009160467,0.029170599,-0.050185736,0.099094003,0.299770163,0.105407947,0.315409444,0.100773418,-0.03831475,0.085109322,-0.091638649,0.028724719,-0.00189286,0.104911815,0.011298499,-0.626224643,0.011789783,-0.62457019,-0.01984202,0.089674396,-0.090237932,-0.287902268,0.223224634,-0.220004789,-1.332440102,1.313221019,-1.350437884,1.253162086,0.160532048,-0.233584197
-0.251928901,0.007621324,0.029609148,-0.050187389,0.100809201,0.299780031,0.095169832,0.315424563,0.090553032,-0.038623901,0.086569191,-0.09301634,0.023889174,0.001623394,0.100746486,-0.009690214,-0.601361554,-0.009580236,-0.600991114,-0.017304555,0.085375024,-0.075047201,-0.292230574,0.197666751,-0.279527442,-1.179882508,1.668514928,-1.208562867,1.571355059,0.143123905,-0.282067975
-0.199577507,0.006061339,0.029966541,-0.05013427,0.102446817,0.299462964,0.085394808,0.315104612,0.080768262,-0.038893403,0.087950762,-0.09413908,0.01898815,0.004663442,0.095609744,-0.027836419,-0.570700054,-0.028339777,-0.572402742,-0.015097065,0.080285427,-0.059650764,-0.295757904,0.166258642,-0.336257975,-0.992404642,2.007142471,-1.038605044,1.851548512,0.12107673,-0.328157874
-0.14722466,0.004484788,0.030241797,-0.050035076,0.103991135,0.298870864,0.076176686,0.314496565,0.071496647,-0.039129357,0.089241267,-0.09500379,0.014035081,0.007139895,0.089563581,-0.04261848,-0.534610166,-0.044099948,-0.53955529,-0.013288845,0.074457884,-0.044090824,-0.298474582,0.130283247,-0.388367748,-0.777664636,2.318188449,-0.8503977,2.081070117,0.095408433,-0.37038905
-0.094870326,0.002895993,0.030434163,-0.049899759,0.105427717,0.298063151,0.067601645,0.313652468,0.062801992,-0.039338863,0.090429006,-0.095608102,0.009043543,0.008989931,0.082698765,-0.053661424,-0.493633694,-0.056642505,-0.503307494,-0.011929678,0.067967724,-0.028410038,-0.300373153,0.091387541,-0.43425586,-0.545493522,2.592097038,-0.654110501,2.261789737,0.067428058,-0.407479286
-0.042514474,0.001299307,0.030543111,-0.049739082,0.106743846,0.297104059,0.059745599,0.312626783,0.05473509,-0.039529658,0.091503699,-0.095950359,0.004027217,0.010180316,0.075129931,-0.060766862,-0.448454896,-0.065888179,-0.464288334,-0.011045821,0.060909391,-0.012651389,-0.301448423,0.051448724,-0.472677959,-0.307096515,2.821440727,-0.455528055,2.420426089,0.03862876,-0.438432058
0.009842923,-0.000300892,0.030568342,-0.049564092,0.107928866,0.296059538,0.052672142,0.311474848,0.047340818,-0.039709707,0.092456762,-0.096029623,-0.001000147,0.010709874,0.066988827,-0.063927796,-0.399860189,-0.071793446,-0.422535366,-0.010638027,0.053391035,0.003141937,-0.301697446,0.012407985,-0.502835342,-0.074060714,3.001452064,-0.252774314,2.595808641,0.01055485,-0.462607808
0.06220189,-0.001900218,0.030509788,-0.049385593,0.10897441,0.294994068,0.046431234,0.310252937,0.040668087,-0.039886773,0.093281485,-0.095845676,-0.00602477,0.010609107,0.058416507,-0.063326288,-0.348691526,-0.074277279,-0.377612973,-0.010681851,0.045528254,0.018926654,-0.301119537,-0.023903097,-0.524411567,0.142681194,3.130242167,-0.044597474,2.797935304,-0.015337068,-0.479753236
0.114562444,-0.003494288,0.030367608,-0.049213635,0.109874479,0.293967636,0.041058669,0.309018251,0.034772532,-0.04006802,0.093973105,-0.095399023,-0.011032879,0.009937031,0.049555372,-0.059314618,-0.295798907,-0.073323035,-0.329293744,-0.01113018,0.037437724,0.034659497,-0.299716281,-0.055916869,-0.537553781,0.333772007,3.208689319,0.158203534,2.994905848,-0.037801525,-0.489986372
0.166924601,-0.005078732,0.030142193,-0.049057081,0.110625411,0.293033157,0.036576314,0.30782675,0.029708034,-0.040259666,0.094528767,-0.094690887,-0.016010748,0.008775772,0.040541943,-0.052382993,-0.241997227,-0.069130678,-0.278034176,-0.011917559,0.029231406,0.050297338,-0.297491523,-0.0824426,-0.542806104,0.492104386,3.240041302,0.341090965,3.145179968,-0.055894558,-0.493743281
0.219288369,-0.006649209,0.029834161,-0.048923283,0.111225727,0.292234509,0.032992994,0.306729289,0.025515693,-0.040466723,0.094947413,-0.093723211,-0.020944733,0.007223708,0.031501037,-0.043118637,-0.188031535,-0.062126128,-0.224828303,-0.012965675,0.021011883,0.065797316,-0.294451363,-0.10272555,-0.541010283,0.613173444,3.229322411,0.493139929,3.227974254,-0.069020943,-0.491698582
0.271653754,-0.008201412,0.029444354,-0.048817867,0.111675901,0.291605278,0.030305874,0.305768082,0.022218415,-0.040692831,0.095229592,-0.092498645,-0.02582131,0.005388099,0.02254175,-0.032161797,-0.134553026,-0.052897295,-0.170803953,-0.014189249,0.012869137,0.081116947,-0.29060413,-0.116450815,-0.533192245,0.695099636,3.1826564,0.606996037,3.245238818,-0.076937248,-0.484674686
0.324020755,-0.009731088,0.028973843,-0.048744649,0.111978082,0.291168232,0.028502144,0.304974633,0.019821278,-0.040940191,0.095377234,-0.091020548,-0.030627112,0.003378061,0.013755315,-0.020163782,-0.082106281,-0.042116232,-0.116955273,-0.01550166,0.004878829,0.096214245,-0.285960373,-0.123700481,-0.520452268,0.738372978,3.106610877,0.679618182,3.209025311,-0.079717537,-0.473553929
0.376389367,-0.011234044,0.028423917,-0.04870565,0.112135781,0.290935449,0.027560829,0.304369066,0.01831457,-0.041209584,0.095393408,-0.089292969,-0.035348967,0.001298536,0.00521467,-0.007750999,-0.031126668,-0.030464591,-0.064062384,-0.016819764,-0.002898059,0.111047827,-0.280532822,-0.124878889,-0.503872071,0.745406955,3.007642678,0.71211138,3.132486841,-0.077693559,-0.45920424
0.428759577,-0.012706161,0.027796083,-0.048701214,0.112153581,0.29090897,0.027454578,0.303960459,0.017677319,-0.041500458,0.095282081,-0.087320645,-0.039973934,-0.000754335,-0.003024627,0.00450269,0.01805418,-0.018582391,-0.012700211,-0.018067596,-0.01041449,0.125577028,-0.274336351,-0.120622641,-0.484446167,0.720001403,2.891688125,0.708077063,3.026993304,-0.071382725,-0.442424204
0.481131369,-0.014143403,0.027092061,-0.048730177,0.112036859,0.291081847,0.028151299,0.303747794,0.017880443,-0.041811077,0.095047899,-0.08510898,-0.044489334,-0.002696326,-0.010922552,0.016094527,0.065197354,-0.007038815,0.036727704,-0.019178856,-0.01763591,0.139762036,-0.267387936,-0.111710147,-0.463039136,0.666802604,2.763908032,0.672351579,2.901702771,-0.061415729,-0.423908884
0.533504721,-0.015541831,0.026313783,-0.048790081,0.111791544,0.29143942,0.029615599,0.303721273,0.018889305,-0.042138686,0.094695992,-0.082664038,-0.048882793,-0.004456795,-0.018452258,0.026602859,0.110142606,0.00368244,0.083953096,-0.020098243,-0.024538366,0.153563971,-0.259706626,-0.098981427,-0.440366254,0.590824581,2.628571985,0.610302703,2.763711179,-0.048472366,-0.404234308
0.585879604,-0.016897612,0.025463379,-0.048877411,0.111423921,0.291960698,0.031809961,0.30386379,0.020665698,-0.042479706,0.094231813,-0.07999252,-0.053142267,-0.00597916,-0.025597557,0.035689935,0.152793313,0.01318807,0.12881091,-0.020781832,-0.0311065,0.166944991,-0.251313483,-0.08327416,-0.416992345,0.497067433,2.489051495,0.527357146,2.618352336,-0.033230347,-0.38385655
0.638255985,-0.01820703,0.024543183,-0.048987822,0.110940473,0.292619749,0.034695689,0.304152425,0.023169335,-0.042829918,0.093661015,-0.077101747,-0.057256082,-0.007220449,-0.032350496,0.043099251,0.193101993,0.021173323,0.171212555,-0.021196708,-0.037331614,0.179868428,-0.242231508,-0.065377886,-0.393343138,0.390243919,2.347887786,0.42867468,2.469515951,-0.016328637,-0.36312079
0.690633823,-0.019466496,0.023555715,-0.04911636,0.110347762,0.293386997,0.038233613,0.304559877,0.026358935,-0.043184642,0.092989353,-0.073999644,-0.061212961,-0.008150236,-0.038709181,0.0486492,0.231057349,0.02741572,0.211124304,-0.021320117,-0.043209938,0.192298863,-0.232485588,-0.046005226,-0.36972381,0.274607698,2.206902472,0.318943481,2.319940821,0.001655581,-0.342276145
0.743013075,-0.020672558,0.022503683,-0.049257657,0.109652345,0.294230407,0.042384599,0.305055762,0.030192991,-0.043538892,0.092222613,-0.070694714,-0.065002061,-0.008749222,-0.04467595,0.052224584,0.266673334,0.031766188,0.248550296,-0.02113832,-0.048741173,0.204202217,-0.222102444,-0.025777313,-0.346340424,0.153866353,2.067325574,0.202273106,2.17147149,0.020218585,-0.321492811
0.795393687,-0.02182191,0.02138997,-0.049406107,0.108860713,0.295116514,0.047109893,0.305607754,0.034630288,-0.043887522,0.091366565,-0.067196014,-0.068612994,-0.009007667,-0.050255899,0.053767258,0.299980363,0.034139057,0.283519501,-0.020645336,-0.053927318,0.215545867,-0.211110538,-0.005219965,-0.323321273,0.031158508,1.929922876,0.082160877,2.025275866,0.038933196,-0.300879112
0.847775606,-0.022911401,0.020217628,-0.049556009,0.10797926,0.29601129,0.052371338,0.306182556,0.039630232,-0.044225342,0.090426934,-0.063513134,-0.072035864,-0.008923819,-0.055455748,0.053266768,0.33101856,0.034501938,0.316075988,-0.019841682,-0.058771771,0.226298719,-0.19953999,0.015232775,-0.300736318,-0.090925003,1.795111968,-0.038491055,1.882024983,0.05744596,-0.280497041
0.900158768,-0.023938047,0.018989871,-0.049701691,0.107014258,0.296880874,0.058131489,0.306746708,0.045153037,-0.044547217,0.089409381,-0.059656169,-0.075261288,-0.008502451,-0.060283019,0.050751598,0.359832814,0.032866174,0.346271899,-0.018733194,-0.063278673,0.236431303,-0.187422514,0.035230581,-0.278613851,-0.210293032,1.663061711,-0.157327345,1.742037767,0.075470724,-0.260375576
0.952543107,-0.024899032,0.017710065,-0.049837604,0.105971853,0.297692144,0.064353665,0.307267243,0.05115982,-0.044848144,0.088319496,-0.055635691,-0.078280427,-0.007753546,-0.064745452,0.046281346,0.386469327,0.029278254,0.37416256,-0.017329975,-0.067452447,0.245915847,-0.174791331,0.054496509,-0.256954026,-0.32529247,1.533773016,-0.272474801,1.605394106,0.092780375,-0.240521481
1.004928552,-0.025791723,0.016381716,-0.0499584,0.104858061,0.298413186,0.071001952,0.307712211,0.057612622,-0.04512332,0.087162792,-0.051462719,-0.081085004,-0.00669117,-0.06885063,0.039939966,0.410973369,0.023812357,0.399803252,-0.01564548,-0.071297505,0.254726352,-0.161681058,0.072815969,-0.23573943,-0.434642381,1.407141944,-0.382472022,1.472021,0.109198044,-0.220927751
1.057315026,-0.026613672,0.015008466,-0.050058996,0.103678777,0.299013648,0.07804117,0.308051082,0.064474391,-0.045368186,0.085944715,-0.047148691,-0.083667333,-0.00533252,-0.072605758,0.031830109,0.433387942,0.016564071,0.423247227,-0.013695755,-0.074818073,0.26283867,-0.148127624,0.090025994,-0.214943091,-0.537370013,1.283007461,-0.48620031,1.341756746,0.124588528,-0.201579994
1.109702449,-0.027362628,0.013594079,-0.050134613,0.102439777,0.299465011,0.085436832,0.308255063,0.071708938,-0.045578471,0.084670637,-0.042705433,-0.086020336,-0.003697148,-0.076017553,0.022068481,0.453753141,0.007645221,0.444544631,-0.011498805,-0.07801811,0.270230566,-0.134168182,0.106005446,-0.19453427,-0.632752328,1.161186054,-0.582820033,1.214397127,0.13885047,-0.182461051
1.162090736,-0.028036536,0.012142432,-0.050180815,0.101146731,0.299740792,0.093155095,0.308297328,0.07928088,-0.045750214,0.083345871,-0.038145121,-0.088137563,-0.001806336,-0.079092217,0.010782119,0.472105987,-0.002820304,0.463742085,-0.009074093,-0.080901286,0.276881776,-0.119840993,0.120666441,-0.174482496,-0.720264699,1.041495883,-0.671714495,1.089727668,0.151909509,-0.163554195
1.214479797,-0.028633551,0.010657503,-0.05019353,0.099805211,0.29981669,0.101162708,0.308153195,0.087155581,-0.045879789,0.081975669,-0.033480257,-0.090013211,0.000317392,-0.081835467,-0.001894539,0.488480611,-0.01469986,0.48088272,-0.006442138,-0.083471015,0.282774073,-0.105185334,0.133946822,-0.154760235,-0.799536914,0.923775708,-0.752442622,0.967548499,0.163712294,-0.144845226
1.266869542,-0.029152035,0.009143362,-0.050169071,0.098420694,0.299670691,0.109426967,0.307800247,0.095299099,-0.045963919,0.080565228,-0.028723625,-0.091642139,0.002650663,-0.084252596,-0.015821953,0.502908664,-0.027854763,0.496006548,-0.003624194,-0.085730504,0.287891308,-0.090241364,0.145804082,-0.135344953,-0.870315763,0.807878108,-0.8246767,0.847664191,0.174221422,-0.12632422
1.319259875,-0.029590568,0.00760416,-0.050104144,0.096998575,0.299283137,0.117915678,0.307218418,0.103678132,-0.045999683,0.079119692,-0.023888264,-0.093019882,0.005169508,-0.08634857,-0.030857094,0.515419658,-0.042141603,0.509150608,-0.000642045,-0.087682832,0.292219452,-0.075050051,0.156213348,-0.116219133,-0.932446944,0.693719962,-0.888270021,0.729966689,0.18341457,-0.107985295
1.3716507,-0.029947947,0.006044116,-0.049995858,0.095544166,0.298636773,0.126597127,0.306390051,0.11225998,-0.045984531,0.077644156,-0.018987427,-0.094142664,0.007849627,-0.088128116,-0.046854886,0.526041871,-0.057414771,0.520350178,0.002482217,-0.089331025,0.295746641,-0.059653032,0.1651557,-0.097372137,-0.98582449,0.581219936,-0.943034868,0.614318359,0.191273869,-0.089828298
1.424041915,-0.030223193,0.004467505,-0.04984173,0.094062703,0.297716773,0.135440064,0.305299935,0.121012519,-0.045916277,0.076143664,-0.014034547,-0.095007408,0.010666509,-0.08959583,-0.063669017,0.534802739,-0.073526798,0.529638989,0.005726298,-0.090678144,0.29846321,-0.044092507,0.172623838,-0.078799003,-1.030402051,0.470355773,-0.98892162,0.500665997,0.197791695,-0.071857688
1.47643342,-0.030415551,0.002878649,-0.049639685,0.092559346,0.296510754,0.144413693,0.303935324,0.129904179,-0.045793113,0.074623206,-0.009043198,-0.095611743,0.013595548,-0.090756278,-0.081152625,0.541729523,-0.090329317,0.537049995,0.009067799,-0.09172737,0.300361712,-0.028411127,0.178614542,-0.06050102,-1.06616077,0.36113401,-1.025891023,0.388980496,0.20296396,-0.054083028
1.528825111,-0.030524495,0.001281903,-0.049388059,0.091039175,0.295008783,0.153487677,0.302285949,0.138903934,-0.045613601,0.073087721,-0.004027064,-0.095954013,0.016612122,-0.091614099,-0.099158727,0.546849901,-0.107673595,0.542616015,0.012484285,-0.09248208,0.301436944,-0.012651875,0.183128213,-0.042485255,-1.093103024,0.253596847,-1.053933162,0.279272654,0.206789943,-0.036518567
1.581216886,-0.030549725,-0.000318357,-0.049085598,0.089507197,0.293203376,0.162632145,0.300344022,0.147981313,-0.045376678,0.071542086,0.001000109,-0.09603328,0.019691632,-0.092174099,-0.117540471,0.550192445,-0.125410817,0.546370294,0.015953327,-0.092945936,0.30168596,0.003142057,0.186166898,-0.024762972,-1.111246139,0.147834326,-1.07306672,0.171601822,0.20927081,-0.019181664
1.633608641,-0.030491173,-0.001917744,-0.048731458,0.087968332,0.291089494,0.171817717,0.29810423,0.157106404,-0.045081655,0.069991117,0.006024541,-0.095849326,0.022809524,-0.092441315,-0.13615136,0.551787513,-0.143392561,0.54834734,0.019452528,-0.093122917,0.301108072,0.018927374,0.187734986,-0.007355628,-1.120600867,0.04390611,-1.083268268,0.06601107,0.210409602,-0.002099028
1.68600027,-0.030348999,-0.003511875,-0.048325203,0.086427416,0.288664537,0.181015531,0.295563736,0.166249883,-0.044728217,0.068439558,0.011032459,-0.095402655,0.02594131,-0.092421143,-0.154845166,0.551667108,-0.161470402,0.548582996,0.02295954,-0.093017446,0.299704869,0.034660814,0.187834864,0.009718394,-1.12119729,-0.058008864,-1.084592856,-0.037351969,0.210208869,0.014706887
